{
    "type": "FeatureCollection",
    "features": [
      {
        "type": "Feature",
        "properties": {
          "region": "Leste",
          "fillColor": "rgba(168, 206, 101, 0.6)"
        },
        "geometry": {
          "type": "Polygon",
          "coordinates": [[[-47.0171673245922,-22.7385819839949],[-47.016669824357,-22.7380333898344],[-47.0163959960869,-22.7376447496949],[-47.0160730805553,-22.7374391899709],
          [-47.0157501672854,-22.7372337197847],[-47.015377000564,-22.7367765428065],[-47.0150778674172,-22.736227606286],[-47.0147054458073,-22.7360451484487],[-47.0143575284494,-22.735771014455],
          [-47.0131169425748,-22.735429677695],[-47.0125699572253,-22.7349040827556],[-47.011652595942,-22.734882686084],[-47.0107609604447,-22.7351818257866],[-47.0102907620294,-22.7355030126048],
          [-47.0096961897447,-22.7356414053739],[-47.0092764194796,-22.7362601595555],[-47.009102343571,-22.7360544277037],[-47.0086314114558,-22.7361009783448],[-47.0079866326858,-22.7360561801479],
          [-47.0076898552366,-22.7363085505296],[-47.0075429352265,-22.7369496915274],[-47.0073957333283,-22.7375222208615],[-47.007024523884,-22.7377517813162],[-47.0065783893708,-22.7377982854864],
          [-47.006330932013,-22.7379817799821],[-47.0061599103929,-22.7388748417777],[-47.0057900198969,-22.7395851404981],[-47.005245246337,-22.7398148909124],[-47.0048997525292,-22.7403877415361],
          [-47.0044044114532,-22.7405945687744],[-47.0036854777288,-22.7406186683412],[-47.0034122757338,-22.7404359321724],[-47.0028421049076,-22.7404826282644],[-47.0020994653203,-22.7408958677641],
          [-47.0014551553459,-22.7410113815244],[-47.0011815706909,-22.7407141670516],[-47.0008823781852,-22.7401195186897],[-47.000285991255,-22.7396397310952],[-46.999294364227,-22.739664156381],
          [-46.997980756814,-22.7398493361301],[-46.9966418206749,-22.7398056825977],[-46.9954521287475,-22.7399448729793],[-46.9952554465763,-22.7405632443831],[-46.9949350120896,-22.7412505131305],
          [-46.9950604301135,-22.7417768337519],[-46.9949136422728,-22.7424866706212],[-46.9943689407948,-22.7427622486563],[-46.9941479388931,-22.7435638371315],[-46.9912479906577,-22.7439116865489],
          [-46.9908026114095,-22.7442557134034],[-46.9907789771877,-22.7446907236642],[-46.990953312218,-22.7449650886085],[-46.9910536188302,-22.7453770658293],[-46.9907823782237,-22.7459268443509],
          [-46.9904615228535,-22.746476699353],[-46.9901895061476,-22.7467518439995],[-46.9900418262508,-22.7471641141203],[-46.9895443832652,-22.7465925887718],[-46.9891234931037,-22.7467992558415],
          [-46.9887517498291,-22.7468685299309],[-46.9882805875311,-22.7468692520251],[-46.9878589258809,-22.7468011922205],[-46.987907678911,-22.7465034615448],[-46.9876836226952,-22.7461604644704],
          [-46.987287547959,-22.7463900207659],[-46.9871143759024,-22.7465504435213],[-46.9869160047516,-22.7465507455044],[-46.9864943553089,-22.7465056139122],[-46.9861221178662,-22.7463688604843],
          [-46.9858489448066,-22.7462318671435],[-46.9854525749128,-22.7463469428847],[-46.9854535284524,-22.7466902803045],[-46.9856038350991,-22.7472852771903],[-46.9851079336451,-22.7472630947263],
          [-46.984537242699,-22.7471266382061],[-46.983866646304,-22.7467156038328],[-46.9829721875668,-22.746007243214],[-46.9817063911189,-22.7455513157199],[-46.9815829159926,-22.7457345897974],
          [-46.9811371279728,-22.7459412744975],[-46.9802947748547,-22.7461943174773],[-46.9797258815162,-22.746721679261],[-46.9795283595048,-22.7470424698083],[-46.9788585176826,-22.7468832063109],
          [-46.9780388035931,-22.7463349569725],[-46.977170034949,-22.7459699552435],[-46.9762519324934,-22.7456965655608],[-46.9749123821239,-22.7454695534022],[-46.9732506005879,-22.7452658331685],
          [-46.9724816432018,-22.7451524575228],[-46.9715891910567,-22.7451995034929],[-46.9707960753009,-22.7453380404633],[-46.9704489459021,-22.7453385328047],[-46.9697049777265,-22.7452937222687],
          [-46.9690104409491,-22.7451802241885],[-46.9686636771892,-22.7453181210475],[-46.96836671349,-22.7455474031324],[-46.9674997156893,-22.745891961171],[-46.966781734931,-22.7463050107965],
          [-46.9659646981313,-22.7467640583014],[-46.9653202309972,-22.7468564989622],[-46.9647988934567,-22.7466053335615],[-46.9639789589503,-22.7459426206251],[-46.9633826624998,-22.7454626880881],
          [-46.9628354448185,-22.7447766618017],[-46.9621167316891,-22.7448921215554],[-46.9617438132017,-22.7445262655246],[-46.9619413766999,-22.7442055844969],[-46.9624108300563,-22.7435410080698],
          [-46.9628306681495,-22.7428765889369],[-46.9636472370723,-22.7422116244439],[-46.9645379488243,-22.7414550079952],[-46.9647343246254,-22.7406763246285],[-46.964979777176,-22.7397145719555],
          [-46.9649783283235,-22.7391422753716],[-46.9649767792822,-22.7385012733559],[-46.9649258137654,-22.7379748185341],[-46.9646508640095,-22.7371053287446],[-46.9641051212837,-22.7369916012675],
          [-46.963881497938,-22.7367858837399],[-46.9636572496606,-22.7363512114568],[-46.9634576279166,-22.7358478001816],[-46.9631844905009,-22.7356879228211],[-46.9624644800014,-22.7352768565543],
          [-46.9620914057306,-22.7348195428895],[-46.9618922356675,-22.7344763791148],[-46.961519429797,-22.7341106093637],[-46.9608243348756,-22.7337682065222],[-46.9602784233179,-22.7335628278621],
          [-46.959979871755,-22.7331741132914],[-46.9598795722435,-22.7326934933822],[-46.9592579282153,-22.7319846180677],[-46.9582655362055,-22.7317112154595],[-46.9572975037572,-22.731231748396],
          [-46.9569992267919,-22.7309345730308],[-46.9561569985742,-22.7312332591306],[-46.9548440792104,-22.7316699693848],[-46.9542001090421,-22.7319454537615],[-46.9532348869199,-22.7326334948029],
          [-46.952691263528,-22.7333895984671],[-46.9519738205919,-22.73403153747],[-46.9510573155547,-22.7343760679888],[-46.950636656779,-22.7346971137786],[-46.9504407274174,-22.7357046520648],
          [-46.9497735660002,-22.7366440901968],[-46.9488325761062,-22.7371259611241],[-46.9477422296517,-22.7373791499445],[-46.9473221552922,-22.7379519865398],[-46.946728526189,-22.7385708165],
          [-46.946358487995,-22.7393496139056],[-46.9454180637224,-22.740060513428],[-46.9445996189597,-22.7399699035368],[-46.9435337934845,-22.740131488054],[-46.9424934441267,-22.7405448328087],
          [-46.9421731603385,-22.7414151079967],[-46.9414809409716,-22.7422859325868],[-46.9409621878179,-22.7430877445929],[-46.9402439660877,-22.7434549067225],[-46.9392780020848,-22.7438909832976],
          [-46.9067620579393,-22.7629507955889],[-46.9051274778619,-22.7640054551788],[-46.9054511427978,-22.7646003715528],[-46.9060480273389,-22.7653781042923],[-46.9060493117681,-22.7660191238043],
          [-46.9059767758173,-22.7668890890368],[-46.9058537870791,-22.7673471374591],[-46.9054335922329,-22.7680342714135],[-46.9050124918755,-22.7682636621457],[-46.904392753223,-22.7683787726405],
          [-46.9035742259353,-22.7683108941674],[-46.9029540299956,-22.7682428129118],[-46.9022099349848,-22.7681977849646],[-46.9017390578819,-22.7683355780764],[-46.9012933598356,-22.7686793750073],
          [-46.9012450803052,-22.7693204444998],[-46.9016671641947,-22.7695489857624],[-46.9023375089029,-22.7698916676108],[-46.9021160088095,-22.7706931653236],[-46.9023652391478,-22.7713110047966],
          [-46.9024904224614,-22.7718603509486],[-46.9028143207804,-22.7725696621592],[-46.9030889002919,-22.7734164353843],[-46.9025938701953,-22.7738747667762],[-46.901801991224,-22.7747226117278],
          [-46.9014816040238,-22.7757073056484],[-46.9018304714928,-22.7764852996682],[-46.901657535414,-22.7768059831644],[-46.9005682634798,-22.7777456688494],[-46.900319840611,-22.7775628188762],
          [-46.8998231439847,-22.777265643483],[-46.8993777156732,-22.7777239169529],[-46.8990071595966,-22.7784568529764],[-46.8985620230284,-22.7790525374171],[-46.898066877548,-22.7795108578031],
          [-46.897894149917,-22.7799460189339],[-46.8982418255192,-22.7801517075354],[-46.8988376309076,-22.7804029251718],[-46.8995825352417,-22.7808142486169],[-46.90027856529,-22.781569059393],
          [-46.9007753478878,-22.7819348491084],[-46.9012216845411,-22.7818886287246],[-46.9019908965449,-22.7820252692604],[-46.9024627198477,-22.782322372095],[-46.9023649717169,-22.7830092646301],
          [-46.9025408477057,-22.7840850975132],[-46.9031370532085,-22.7845193938341],[-46.9040310247625,-22.7850450235076],[-46.9050498374792,-22.7859139601551],[-46.9051004525376,-22.7863946723631],
          [-46.9048412798401,-22.7862373297652],[-46.9046147516191,-22.7861463184616],[-46.9044196188738,-22.7860838235098],[-46.9041544497612,-22.7860149417778],[-46.9039831033765,-22.7859881865124],
          [-46.9038632834241,-22.786016974023],[-46.903750284816,-22.7861089708239],[-46.9036562303813,-22.7861599318919],[-46.9035822205118,-22.7861739070099],[-46.9034252642384,-22.7862349183931],
          [-46.9033212543612,-22.7862629750614],[-46.9031432106306,-22.7862859564195],[-46.90298524665,-22.7863149277053],[-46.9028362542978,-22.7863249218923],[-46.9026541843302,-22.786352916519],
          [-46.9025352004747,-22.7863899091586],[-46.9024121818464,-22.786413948593],[-46.902259216984,-22.7864559510759],[-46.9020612177985,-22.7865339732465],[-46.9018741801047,-22.7865859521983],
          [-46.9017502276307,-22.7866179474918],[-46.9016271482317,-22.786654988326],[-46.9014841657326,-22.786692988716],[-46.901365179619,-22.7867530036131],[-46.9012421689016,-22.7867950091037],
          [-46.901084141727,-22.7868600036506],[-46.9009511478537,-22.7869060102778],[-46.9007731653021,-22.7870029330304],[-46.9006851773921,-22.7870629390584],[-46.9005811729109,-22.7871319840449],
          [-46.9005081893685,-22.7872199805454],[-46.9004741496971,-22.787324938146],[-46.9004501859348,-22.787421017845],[-46.9004511415545,-22.7876229775436],[-46.9004521839228,-22.7877559572552],
          [-46.9004532041062,-22.7878699770473],[-46.9004091596811,-22.7879889580226],[-46.9003752084416,-22.7880540078848],[-46.9003161610204,-22.7881219751682],[-46.9002081293968,-22.7881960337186],
          [-46.9001151944717,-22.7882700025738],[-46.8999671678898,-22.7883439958892],[-46.8998731919524,-22.7883950442246],[-46.899789182194,-22.7884640310759],[-46.8996761889026,-22.788550969112],
          [-46.8995881573304,-22.7886889827522],[-46.8995751505108,-22.7888860528022],[-46.8995361246043,-22.7890600486179],[-46.8995031955291,-22.7893030410383],[-46.8994951688322,-22.7894770286614],
          [-46.8994611660168,-22.789659993276],[-46.8995071792821,-22.7898160020268],[-46.8995631667444,-22.7900310296336],[-46.8995942202142,-22.7902780448898],[-46.8996112128644,-22.790484056983],
          [-46.8996331915661,-22.7908410591064],[-46.899610180548,-22.7910290390941],[-46.8995272241512,-22.7912030166271],[-46.899492214161,-22.7912670858079],[-46.8993802004354,-22.7914190184154],
          [-46.8993261839787,-22.7915661068093],[-46.8992972025651,-22.7916710942404],[-46.8992931910018,-22.7917350649349],[-46.8992542164759,-22.7918780917806],[-46.8992592475949,-22.7920670919464],
          [-46.8992252293612,-22.7921910995566],[-46.8992062425992,-22.7922871198183],[-46.8991422364953,-22.7923741060255],[-46.8990642229069,-22.7924760660771],[-46.8990002128187,-22.7926090984417],
          [-46.8989912561155,-22.7926871224597],[-46.8989721856882,-22.7928060764903],[-46.8989871868238,-22.7928801133655],[-46.898969203266,-22.7930311061846],[-46.8989352117095,-22.7931281177413],
          [-46.8988762316599,-22.7932011398598],[-46.8987882339564,-22.7933071010555],[-46.8986801853161,-22.7934960938307],[-46.8984432250608,-22.7935800836505],[-46.8982701933059,-22.7936351424574],
          [-46.8980681749154,-22.7936500978252],[-46.8978261613895,-22.7936650776663],[-46.8974601830749,-22.793671149786],[-46.8972071968168,-22.7936361502144],[-46.8970091403014,-22.79359507937],
          [-46.8969292051722,-22.7935411363074],[-46.8967861635205,-22.7935001327998],[-46.8967071942888,-22.7935101010804],[-46.8965491627784,-22.7936160818259],[-46.8964211266428,-22.7936901052543],
          [-46.8963031405102,-22.7937591335538],[-46.8962001472481,-22.7938611186398],[-46.8961611244132,-22.7939661347915],[-46.8961871763554,-22.7941770957197],[-46.8962031486009,-22.7943561247687],
          [-46.8961941879049,-22.7944571718576],[-46.8961611525525,-22.7946871638257],[-46.8961471751866,-22.7947971186796],[-46.8960831944697,-22.794944144139],[-46.8960151333705,-22.7950401158566],
          [-46.8959811290025,-22.7951421831108],[-46.8959171551345,-22.7952201391309],[-46.8958931719997,-22.7953441171258],[-46.8958751390316,-22.79550919507],[-46.8958911902134,-22.7956881329119],
          [-46.8958821460804,-22.7958991501394],[-46.8958491734678,-22.796064134908],[-46.8959392122542,-22.7962792102401],[-46.8960092288416,-22.7964171480024],[-46.8961492388357,-22.7965811585211],
          [-46.8962292442721,-22.7967502165128],[-46.8962701967453,-22.796906196067],[-46.8962512245909,-22.7970672222855],[-46.8961831992257,-22.7972412013385],[-46.896080198789,-22.7973892327319],
          [-46.8959432462951,-22.7975271946834],[-46.895825203644,-22.7976561738052],[-46.8957121744159,-22.7977122318915],[-46.89559318654,-22.797767187042],[-46.8953762242335,-22.7977822267817],
          [-46.8951931540326,-22.7977972243852],[-46.8950391516342,-22.7977421748648],[-46.8948651718849,-22.7976422193443],[-46.8946821858164,-22.7975472461597],[-46.8945081275499,-22.7975112141363],
          [-46.8942511847594,-22.7974751738203],[-46.8939881556034,-22.7974171754449],[-46.8937461528298,-22.7973812276267],[-46.8935731574539,-22.7973871652587],[-46.8934340978606,-22.7973962207578],
          [-46.8933500959582,-22.7974431745696],[-46.8932370829936,-22.79744821874],[-46.8930941414854,-22.7974901844343],[-46.8929951456685,-22.7975912173462],[-46.8928681379082,-22.797734205067],
          [-46.8927800940119,-22.7978722156559],[-46.8927110880617,-22.7979872478657],[-46.8926731156022,-22.7982672265983],[-46.8927141022035,-22.7984781914711],[-46.8927950966945,-22.7986202438433],
          [-46.8928651019778,-22.7987342572081],[-46.8929601509077,-22.7988762328466],[-46.8930841418303,-22.7990492844374],[-46.8932141558555,-22.7991642099965],[-46.8933031312752,-22.7992502797606],
          [-46.8934771869679,-22.7993962822456],[-46.8936171390218,-22.7994922194432],[-46.8937661872095,-22.7996012302827],[-46.8939251790289,-22.7996742789853],[-46.8941032271442,-22.7997372597976],
          [-46.8942471886127,-22.7998152719797],[-46.8943911747308,-22.7998602388033],[-46.8945742363696,-22.7999372441907],[-46.8946492479136,-22.8000472245082],[-46.8946952627542,-22.8001802114601],
          [-46.8947002482492,-22.8003082689702],[-46.8946972317721,-22.8005602949117],[-46.8946792149248,-22.8007672655612],[-46.8946752754977,-22.8009642276021],[-46.8946522188593,-22.8011842594387],
          [-46.8946392738713,-22.801386294301],[-46.8945902688254,-22.8015652833233],[-46.8945472708756,-22.8017082668321],[-46.8944932815504,-22.8018463249421],[-46.8944892180624,-22.8019473137303],
          [-46.8945152903501,-22.80208432979],[-46.8945662377777,-22.802318288841],[-46.8946112620004,-22.8024782832295],[-46.8945332934192,-22.8026073269117],[-46.8944592431471,-22.8026713175936],
          [-46.8942722748327,-22.8027823355547],[-46.8941192275755,-22.8028663155715],[-46.8939972212569,-22.8029762902365],[-46.8939422674403,-22.8030273233162],[-46.89383421723,-22.8030372749482],
          [-46.8937202743968,-22.8030102789957],[-46.8935662088107,-22.8029742796155],[-46.8933582069096,-22.8029293505209],[-46.8931802448555,-22.8029483484058],[-46.8931022480349,-22.8030812741331],
          [-46.893063231668,-22.8032103058787],[-46.8930152158417,-22.8033622870564],[-46.8929572649107,-22.8035682873977],[-46.8929182009477,-22.8037113141193],[-46.8928902181418,-22.8038483405716],
          [-46.8928862495923,-22.8040143346576],[-46.8929862470786,-22.804165370165],[-46.8930952600788,-22.8042423536969],[-46.8931742214955,-22.8042603758259],[-46.8933532275142,-22.8043283115194],
          [-46.8934872944918,-22.8044513141402],[-46.8935522355109,-22.804547329773],[-46.8936922706128,-22.8047533250022],[-46.8938222640855,-22.8049823722319],[-46.8939033267669,-22.8051463625025],
          [-46.8939982872277,-22.805316327021],[-46.8940482922222,-22.8053893162631],[-46.8940833286018,-22.8054253756053],[-46.8942113295624,-22.805452384634],[-46.8943953100192,-22.8055023831456],
          [-46.8945582938622,-22.8055383657944],[-46.8946033505134,-22.8055613948881],[-46.8947033753782,-22.8056793838966],[-46.8946743626558,-22.8058173256679],[-46.8946893381738,-22.8058953358051],
          [-46.8947353198596,-22.8060373516011],[-46.8947703811826,-22.8061563838625],[-46.8948363901634,-22.8063583826262],[-46.8948923447929,-22.8065593271894],[-46.894907398446,-22.8066603594403],
          [-46.8949283954977,-22.8068483572799],[-46.894964376916,-22.8070453861363],[-46.8949453363705,-22.8071784241503],[-46.8949263614661,-22.8072524139539],[-46.8948573936844,-22.807312371863],
          [-46.8947493879678,-22.80739536562],[-46.8946563524525,-22.8075153793766],[-46.8945233423444,-22.8076894083514],[-46.8944703744609,-22.8078143627911],[-46.8944263643541,-22.8079423707421],
          [-46.8944273947444,-22.808057383616],[-46.8944373442412,-22.8081494479324],[-46.8944683856574,-22.8082913705208],[-46.8944843649207,-22.808424443533],[-46.8945004009284,-22.8086254113799],
          [-46.8945064171698,-22.808781445353],[-46.8945374038438,-22.8089193959471],[-46.8945384206469,-22.8090334158112],[-46.8944993904105,-22.8091904368472],[-46.8944414370249,-22.8093324244487],
          [-46.8943484029526,-22.8095164512589],[-46.8942753650493,-22.8096364076647],[-46.8942064355616,-22.8097514397213],[-46.8941623862655,-22.8098244635533],[-46.8941033776696,-22.8098844833779],
          [-46.8940054171677,-22.809985414639],[-46.8939364348247,-22.8100734515331],[-46.8938784358654,-22.8102064108509],[-46.8937553827844,-22.8104094835395],[-46.8937463807031,-22.8105424924139],
          [-46.8937184245021,-22.8106524326428],[-46.89369937349,-22.810767413354],[-46.8936954372942,-22.8109414424097],[-46.8936614079382,-22.8110014360451],[-46.89359243905,-22.8110614838158],
          [-46.8934544195326,-22.8111814899614],[-46.8933513955705,-22.8113055041461],[-46.8933524279118,-22.8113974939255],[-46.8933284432484,-22.8115854848132],[-46.8933244289359,-22.8117364917167],
          [-46.8933314435563,-22.8119705215014],[-46.893322459952,-22.8121455134045],[-46.8933084439393,-22.8122644971374],[-46.893225444121,-22.8123844812619],[-46.8931124263779,-22.8124945293938],
          [-46.8930044371084,-22.8125964821946],[-46.8928464185276,-22.8126935218912],[-46.8926983813986,-22.8127805113269],[-46.8926004472008,-22.8128545361387],[-46.8924963964477,-22.8129335090355],
          [-46.8923644179006,-22.8130665341631],[-46.8923254118403,-22.8131674865175],[-46.8922124036907,-22.8133015502044],[-46.8921243964385,-22.8134254756321],[-46.8920164261525,-22.8135405191687],
          [-46.8919284053794,-22.8136925238058],[-46.8918403844202,-22.8138445284047],[-46.8917524031244,-22.8139645710235],[-46.8917613992044,-22.8139645544778],[-46.8916983681935,-22.8140475541132],
          [-46.8916293721344,-22.814175497019],[-46.8916014333393,-22.8143275103324],[-46.8915474445105,-22.8144835347225],[-46.891539446264,-22.8147125063183],[-46.8914764108121,-22.8149055653469],
          [-46.891428384337,-22.8151035924812],[-46.891390430407,-22.8152865124252],[-46.8913713966823,-22.8154435663079],[-46.891338420318,-22.8156495405178],[-46.8913004470926,-22.8159065859979],
          [-46.8912714312454,-22.8161085405585],[-46.8912344619673,-22.81639753557],[-46.8912104336488,-22.8165535652945],[-46.891191469134,-22.8166866020898],[-46.8911524093402,-22.8167605591568],
          [-46.89111345021,-22.8168476065819],[-46.8910354324032,-22.816921574718],[-46.8909074599211,-22.8170135611762],[-46.890744443775,-22.8171156241944],[-46.890581404977,-22.8171986368448],
          [-46.8903994548928,-22.817296590507],[-46.8902413920095,-22.817402566872],[-46.8900594289145,-22.8174996174592],[-46.8898324234075,-22.8176156207576],[-46.8896504480124,-22.8177176368193],
          [-46.8895073724049,-22.817809620841],[-46.8893943864112,-22.8178876145293],[-46.889271388499,-22.8179386408943],[-46.8891373987674,-22.8179906101192],[-46.8889694293309,-22.818036662156],
          [-46.8889103622007,-22.8180695950061],[-46.8887774260094,-22.8181106267566],[-46.8886883609018,-22.818152582777],[-46.8886153660642,-22.8182356092243],[-46.8885463541998,-22.8183045939764],
          [-46.888462354968,-22.8183876605538],[-46.8883993924012,-22.8185166141885],[-46.8882963468551,-22.8186455915813],[-46.8882624138381,-22.8187186746781],[-46.8881933830528,-22.8188386715151],
          [-46.8881103495411,-22.8189626263658],[-46.8880323769235,-22.8190866114741],[-46.8879243871278,-22.8192066185982],[-46.8878603586,-22.8192526111937],[-46.8876811748304,-22.8193476400173],
          [-46.8875153975073,-22.8194246329992],[-46.8873813593609,-22.8194616138283],[-46.8872333263801,-22.8194856687993],[-46.8869863520628,-22.8194997003354],[-46.8868473911155,-22.8194826572821],
          [-46.8866943844772,-22.8194606341436],[-46.8864953263578,-22.8193786641854],[-46.8863663531051,-22.8193286380146],[-46.8862123112487,-22.8192606706863],[-46.8860042815036,-22.8191746531351],
          [-46.8858552754919,-22.8191106887148],[-46.8857263282277,-22.8190566890693],[-46.8855433285057,-22.8189566509374],[-46.8853542799315,-22.8188606568003],[-46.8852003074986,-22.8187976533847],
          [-46.8850112849181,-22.8186976858844],[-46.8849272666249,-22.8186746639167],[-46.8847882579801,-22.8186016417245],[-46.8845702217428,-22.8185296447721],[-46.8844162363103,-22.8184656475528],
          [-46.8842722367644,-22.8183976497062],[-46.8841192612234,-22.8183486278555],[-46.8839802356863,-22.8183676074368],[-46.8838662527932,-22.8183676916085],[-46.8837182147268,-22.8184146762071],
          [-46.8835852281162,-22.8184696987837],[-46.8834322477148,-22.8185486128474],[-46.8832112346184,-22.8186686894238],[-46.8830922328833,-22.8187476528613],[-46.8829792100853,-22.818811648193],
          [-46.8828512193117,-22.8189086848287],[-46.882728201432,-22.8189876954915],[-46.8826052337815,-22.8190937012605],[-46.8824921941666,-22.8191856854158],[-46.8823692078226,-22.8192786899239],
          [-46.8823051835821,-22.8193426474346],[-46.8822211960579,-22.8193977218642],[-46.88212722741,-22.8194396420227],[-46.8820292065942,-22.8194906387046],[-46.8819052083639,-22.8195276769391],
          [-46.881821169084,-22.8195556657009],[-46.8817781909802,-22.8196897078782],[-46.8817641810235,-22.8197807020678],[-46.8817252203971,-22.8199556870383],[-46.8816771691756,-22.8201296959599],
          [-46.8816481806818,-22.820299687604],[-46.8816051739292,-22.8205017161489],[-46.8815482069827,-22.820786702733],[-46.8815091603,-22.8208737492011],[-46.8814802061188,-22.8209937214517],
          [-46.8814461873069,-22.8210667140345],[-46.8814071724094,-22.8211677545829],[-46.8813631709042,-22.8212916966265],[-46.8813191688164,-22.8213747386838],[-46.8812851782584,-22.8213797448388],
          [-46.8812102191695,-22.8213846931967],[-46.8810322090374,-22.821343728904],[-46.8809081695282,-22.8213487150793],[-46.8807202115232,-22.8213086804984],[-46.8805371979701,-22.8212777062897],
          [-46.8802751839201,-22.8212557001234],[-46.8800961497968,-22.8212337071139],[-46.8798731316459,-22.821161762649],[-46.8796601395224,-22.8210887063709],[-46.8793721461283,-22.8209707593444],
          [-46.879134110843,-22.8208756969514],[-46.8790301274222,-22.8208436981806],[-46.8788520883738,-22.8207946961649],[-46.8786591262496,-22.8207586907338],[-46.87845608193,-22.8207547655942],
          [-46.8781981104835,-22.8207287356187],[-46.8780500897985,-22.8207247027791],[-46.8780350574271,-22.820729755542],[-46.8779450353814,-22.8206147078786],[-46.8778850764036,-22.820477727076],
          [-46.8778941059845,-22.8203397522465],[-46.8778630637347,-22.8201617109948],[-46.8777920902172,-22.8199596727286],[-46.8777420668643,-22.8197857375649],[-46.8777160166482,-22.8196026716114],
          [-46.8777050770545,-22.8194787461213],[-46.8776890378984,-22.8193227385425],[-46.877673047587,-22.8191527358817],[-46.8776320193983,-22.8189377042564],[-46.877591009812,-22.8187766640759],
          [-46.8775060321671,-22.8186076551796],[-46.8773710167103,-22.818415671082],[-46.8772520255002,-22.8182967208376],[-46.8770829919959,-22.8182246775397],[-46.876884967174,-22.8181706719566],
          [-46.8767259882073,-22.8181347149227],[-46.8765379471728,-22.8181116500349],[-46.8763349623953,-22.8180766624834],[-46.8761319585399,-22.8180227145875],[-46.8760969897852,-22.8179856573035],
          [-46.8758489157825,-22.8179136407335],[-46.8756319473783,-22.8178957006463],[-46.8753839606136,-22.8178827301238],[-46.8753248886096,-22.8178687088218],[-46.8751908984688,-22.8178566529654],
          [-46.8750969163693,-22.8178156855439],[-46.8749079382353,-22.81774766669],[-46.8746698892871,-22.8176627094297],[-46.8744119300641,-22.8175726591528],[-46.8741048997967,-22.8175066604949],
          [-46.8739308886848,-22.8174756626718],[-46.8737028559113,-22.8174357296918],[-46.8733768799888,-22.8174057062136],[-46.8730888626288,-22.8173437254292],[-46.8727618564829,-22.8173147059456],
          [-46.872514848061,-22.8173027125327],[-46.8722967935649,-22.8173227012543],[-46.87210379313,-22.8173186496503],[-46.8719708107324,-22.8173566886533],[-46.8718227699674,-22.8173626719339],
          [-46.871615756507,-22.817414672273],[-46.8713937957769,-22.8174896906625],[-46.8712357995176,-22.817513667266],[-46.8710577406622,-22.8175566591574],[-46.870825751227,-22.8176267384955],
          [-46.8706077761055,-22.8176467240099],[-46.870251747913,-22.8175807515212],[-46.8700177284919,-22.817490683713],[-46.8699037413445,-22.817431709931],[-46.8696217224896,-22.8174617455172],
          [-46.8693547183511,-22.817426687746],[-46.8690476880786,-22.8174016696624],[-46.8688746971037,-22.8173747172],[-46.8687597036615,-22.817306725628],[-46.8686106646001,-22.8172396750941],
          [-46.8684416566996,-22.817139723158],[-46.8682826397364,-22.8170537386858],[-46.8680546776039,-22.8169776816608],[-46.8679166829413,-22.8170016912557],[-46.8678376654234,-22.8170387328524],
          [-46.8676656132216,-22.8171686876653],[-46.8675056556593,-22.8175137458619],[-46.8674476250112,-22.8177347276846],[-46.867395673264,-22.8179597011588],[-46.8673476730359,-22.8181387622535],
          [-46.8673246596991,-22.8183417274454],[-46.8673306421772,-22.8184327573737],[-46.8673466569217,-22.8185937327644],[-46.8674126482034,-22.8188497366434],[-46.8674536504609,-22.8190287473958],
          [-46.8674757264696,-22.8192217940209],[-46.8674716523157,-22.8193587175846],[-46.8674287097477,-22.8194787616822],[-46.8674137094691,-22.8195567653497],[-46.8673806773093,-22.8196907780845],
          [-46.8673867253091,-22.8198277635411],[-46.8673837006808,-22.8200297720519],[-46.8673547440906,-22.8201857671367],[-46.8673266969892,-22.8203377789057],[-46.8672637212162,-22.8204437924294],
          [-46.867244734213,-22.8205357470929],[-46.8672067240319,-22.8207287758719],[-46.8672027118409,-22.8208937780953],[-46.8672187394533,-22.8210497874857],[-46.8675917758108,-22.8235538691592],
          [-46.8676128010763,-22.8237228211991],[-46.8676258104043,-22.8239988578206],[-46.8676318263915,-22.8242098792269],[-46.867662808071,-22.8243608375641],[-46.8676358197035,-22.8246138685314],
          [-46.8676768482818,-22.8247828567889],[-46.8677137898236,-22.8250348670802],[-46.8677148408291,-22.8251588193468],[-46.8677658363406,-22.8253928781512],[-46.8677778110498,-22.825557873331],
          [-46.8677838297236,-22.825727904173],[-46.8678098243105,-22.8259018539194],[-46.8678608077208,-22.8260938388726],[-46.8679228847091,-22.8263098906801],[-46.8679928284479,-22.8264608432546],
          [-46.8680438442096,-22.8266669125613],[-46.8681008820443,-22.8269139016506],[-46.8681328508159,-22.8271428564863],[-46.8681528636133,-22.8272258666339],[-46.8681138438889,-22.827303881266],
          [-46.8680258702861,-22.8274148833716],[-46.8680008870706,-22.8274149056031],[-46.8678878697884,-22.8274568607439],[-46.8677888339774,-22.8274579321995],[-46.8675658761714,-22.8274319262899],
          [-46.8674178613317,-22.8274288770279],[-46.8672098455922,-22.8274028759479],[-46.867085875139,-22.8273898836637],[-46.8669718736844,-22.8273539316828],[-46.8668478273779,-22.8273589072919],
          [-46.8666698021577,-22.8273289423774],[-46.8665308276788,-22.8272878655862],[-46.8664317919137,-22.8272889361898],[-46.866307782986,-22.8272848821949],[-46.8662337776999,-22.8273129260974],
          [-46.8661107864135,-22.8273598724207],[-46.8660568218207,-22.8273789234931],[-46.8659827968895,-22.8274349566189],[-46.8659087945056,-22.8274808772561],[-46.8658357719333,-22.8275279601167],
          [-46.8657907895326,-22.8275459126889],[-46.8657317747229,-22.8275598764496],[-46.8654537876002,-22.827474922634],[-46.8654488065197,-22.8274748907026],[-46.8652847398905,-22.8273198931395],
          [-46.8651197590637,-22.8271979513056],[-46.8650497691183,-22.8271199501447],[-46.8649947419408,-22.8270199241287],[-46.8649047644333,-22.826895929807],[-46.8648247186758,-22.8267638738116],
          [-46.8647487331358,-22.8266408892534],[-46.8646537668342,-22.8264809284718],[-46.8645977231572,-22.8263299017499],[-46.8645326951992,-22.8261739240985],[-46.864516761197,-22.8261188547228],
          [-46.8645017453583,-22.8260368689183],[-46.8644607368203,-22.8258808808375],[-46.8644147400832,-22.8257478841688],[-46.8643447316411,-22.8255918744289],[-46.8642746961413,-22.8254868774099],
          [-46.8641837272872,-22.8253548585845],[-46.8641686782826,-22.8252998690831],[-46.8640736602195,-22.825194893552],[-46.8639987171023,-22.8251128868647],[-46.8638636851778,-22.8249719034016],
          [-46.8637587130111,-22.8248438402629],[-46.8636147073859,-22.8247398891889],[-46.8634856943267,-22.8246809063044],[-46.8633416969218,-22.8246128893124],[-46.8631976419125,-22.8245818907568],
          [-46.8630736353433,-22.8245778340709],[-46.8629456741949,-22.8246019029863],[-46.8628026770704,-22.8246308426429],[-46.8627526312074,-22.8246308863339],[-46.8625906222717,-22.8247148527559],
          [-46.8624626017171,-22.8247758496121],[-46.8623736085659,-22.8248358482193],[-46.8623046310723,-22.8248909177492],[-46.8622316072151,-22.8249379086877],[-46.8621676393617,-22.8250069141565],
          [-46.8620886628813,-22.8250769076942],[-46.8620156176234,-22.8251459289668],[-46.8619466182024,-22.8252288974813],[-46.8618876057035,-22.8253078668331],[-46.8617946346328,-22.8254179309898],
          [-46.8617366157414,-22.8255108832552],[-46.8616776283973,-22.8255799206088],[-46.861599601646,-22.8256489096637],[-46.8614906227986,-22.8257279212899],[-46.8613636030976,-22.8258389249725],
          [-46.8613245969055,-22.8259358983819],[-46.8612906257888,-22.8260368758724],[-46.8612626010715,-22.8262028812237],[-46.8612235996163,-22.8263179120819],[-46.8612096017498,-22.8264049323829],
          [-46.8612306424748,-22.8265519455481],[-46.8612426431276,-22.826748903135],[-46.8612485981905,-22.8268499556518],[-46.861278626733,-22.8269549702888],[-46.8612996029275,-22.8270559375022],
          [-46.8613406460819,-22.8272028973902],[-46.8613566511345,-22.8273399474524],[-46.8613826720972,-22.8274869023474],[-46.8614286212134,-22.8276519526495],[-46.8614586501146,-22.8277569672216],
          [-46.8614896429141,-22.8278619705156],[-46.8615106753061,-22.8280319167359],[-46.8615267019546,-22.8281469363298],[-46.8615286428131,-22.828372000591],[-46.8615536859047,-22.82845892561],
          [-46.8615166465241,-22.8286649434763],[-46.8614727197698,-22.8287899636075],[-46.8614346814707,-22.8289639410453],[-46.8613866840789,-22.8291439938849],[-46.8613777087227,-22.8292399842244],
          [-46.8613436943819,-22.8293319334783],[-46.8612997201375,-22.8294239991602],[-46.8612616990896,-22.8295579789652],[-46.8612336981151,-22.8297139620873],[-46.8611756739862,-22.8299069529255],
          [-46.8611477339401,-22.830091014761],[-46.861118675883,-22.8302519760403],[-46.8611057178317,-22.8303799747253],[-46.8610767412408,-22.830541025333],[-46.8610386857251,-22.8307020014855],
          [-46.8610246748001,-22.8307939877273],[-46.8609716857809,-22.8309320248047],[-46.8609487331482,-22.8310930049809],[-46.8609497325282,-22.8313610571142],[-46.8609427283759,-22.8315900179847],
          [-46.8609837155168,-22.8318330444649],[-46.8610117052645,-22.8320950026665],[-46.8610487569104,-22.8323380751053],[-46.8610757114038,-22.8326360701058],[-46.8610877809955,-22.8327790347877],
          [-46.8610737581978,-22.8329350350373],[-46.861046757089,-22.8331880655475],[-46.8609937206631,-22.8333580649922],[-46.8609937284271,-22.8333350415753],[-46.8608467621284,-22.8334920541203],
          [-46.8606797191065,-22.8335670492341],[-46.8605367681285,-22.8336590978302],[-46.8604377546839,-22.8337270677811],[-46.8604187660945,-22.8337780313045],[-46.8603547599849,-22.8338150748968],
          [-46.860280783314,-22.8338750777333],[-46.860206729862,-22.8339530486631],[-46.860147708541,-22.8340080914462],[-46.8600747381379,-22.8340771111959],[-46.860005771143,-22.8341510499569],
          [-46.8599417603885,-22.8342290840136],[-46.8598437419493,-22.8343170858472],[-46.8597547336937,-22.8344001068357],[-46.8596607221527,-22.8344460780281],[-46.859577734509,-22.8345110613634],
          [-46.8594246974399,-22.8345941078162],[-46.8593307361987,-22.8346260836602],[-46.8591977329756,-22.8346641132615],[-46.8590747579706,-22.8347011227669],[-46.8589756842868,-22.834747062406],
          [-46.8588337542117,-22.8348670868267],[-46.8587397176421,-22.8349821278261],[-46.8586917178848,-22.8351151402164],[-46.8586187029951,-22.8352990960198],[-46.8585596878858,-22.8354550797576],
          [-46.8585607280007,-22.8355610652782],[-46.8585317505364,-22.8356750757117],[-46.8585177044434,-22.8357941484961],[-46.85847374205,-22.8359641316211],[-46.8584256945174,-22.8361291063233],
          [-46.8584056983692,-22.8362301007542],[-46.8584466993819,-22.836427081086],[-46.8584627296371,-22.8365601584465],[-46.8585277472756,-22.8367981197736],[-46.8585687614721,-22.8369901340703],
          [-46.8585997163447,-22.837228131903],[-46.8586397796795,-22.8373561433562],[-46.8586747400408,-22.837475185621],[-46.8587197378177,-22.8375761434334],[-46.8587457418052,-22.8377041384424],
          [-46.8588257887528,-22.8379011140661],[-46.8589207460681,-22.8381251823484],[-46.8590007765456,-22.8383031976492],[-46.8590807644948,-22.8384131365639],[-46.859130760687,-22.8385271275324],
          [-46.8591908253346,-22.8386371185085],[-46.859235811642,-22.8387371733784],[-46.8592858423423,-22.8388241678974],[-46.8593508084429,-22.8389341918274],[-46.8594198037539,-22.8390392028384],
          [-46.8594647970967,-22.8391161439278],[-46.859504853544,-22.8392081304107],[-46.8595798371434,-22.8393221904164],[-46.8596248191741,-22.8394041876825],[-46.8596798319197,-22.8394912141229],
          [-46.8597298084348,-22.839633194206],[-46.859775865479,-22.8398531382028],[-46.859790885516,-22.839953181854],[-46.8597768276481,-22.8400772206078],[-46.8597478939246,-22.8402062184202],
          [-46.8597438677537,-22.8402881562524],[-46.8596848692592,-22.8403981838213],[-46.8596208569732,-22.8405412249018],[-46.8595818448243,-22.8405731910659],[-46.8595128495171,-22.8406511930212],
          [-46.8594398754846,-22.8407202126803],[-46.8593758568056,-22.8407801892216],[-46.8592818293872,-22.84083121669],[-46.8591788324754,-22.8408961628768],[-46.8590548204723,-22.8409282189446],
          [-46.8589958631704,-22.840929178457],[-46.8589028339501,-22.8410122461346],[-46.8588488608833,-22.8411492107196],[-46.8588148526673,-22.8412832334892],[-46.8588298675143,-22.8413652197956],
          [-46.8588258247617,-22.8414932044688],[-46.8588318553358,-22.8416352466338],[-46.8588468757448,-22.8417412493546],[-46.8588528833778,-22.8418461836006],[-46.8588588336947,-22.8419882266939],
          [-46.8588298725569,-22.8421211973523],[-46.8588498403998,-22.842254228541],[-46.8587718665244,-22.8424282204657],[-46.8587478490868,-22.8425702524136],[-46.8586948838316,-22.8427222832124],
          [-46.858626847327,-22.8429062712258],[-46.8585528515227,-22.8430892453607],[-46.8584948618277,-22.8432912637947],[-46.8584018500941,-22.8434702164276],[-46.8583089162319,-22.8436312911725],
          [-46.8582508664947,-22.8437462730448],[-46.8582019126197,-22.843815282619],[-46.8581828931025,-22.8439763068184],[-46.8581788613976,-22.8440992352429],[-46.858198879648,-22.8442182713447],
          [-46.8582489081575,-22.8444112636596],[-46.858343889493,-22.8446072522234],[-46.8584039187647,-22.8447262724764],[-46.8584989269526,-22.8447943231797],[-46.8585679282308,-22.8448582534732],
          [-46.8587319552298,-22.8449442777312],[-46.8588359572268,-22.8449942559492],[-46.8589449286695,-22.8451082801735],[-46.8590249301467,-22.8451952856335],[-46.8590849686698,-22.8453503301791],
          [-46.8591049655976,-22.8453733004485],[-46.8591499751293,-22.8455102824633],[-46.8591809852801,-22.8456753268535],[-46.8592059730491,-22.8458583185165],[-46.8592269267774,-22.8460282656154],
          [-46.8592529382818,-22.8461743177145],[-46.8592539412305,-22.8463482899771],[-46.8592839829504,-22.8464952881336],[-46.8592799834276,-22.8466323009719],[-46.8592999641944,-22.8467602757265],
          [-46.8592909849245,-22.8469033057201],[-46.8593120149275,-22.8470493257015],[-46.8593470124891,-22.8472003288508],[-46.8594070049543,-22.8473282874697],[-46.8594820348228,-22.8474512850968],
          [-46.8595720238329,-22.8475753718837],[-46.8596760162425,-22.8476893633283],[-46.8597259861757,-22.8477303115369],[-46.8597360453327,-22.8477432856497],[-46.859775986891,-22.8478443019144],
          [-46.8598410422457,-22.8479722914351],[-46.8598960431318,-22.8481643219543],[-46.860016035397,-22.8483793383233],[-46.8600610123734,-22.8484253105788],[-46.8600720023023,-22.8486953220993],
          [-46.8600280556401,-22.8488193490408],[-46.8587550446861,-22.8498983534634],[-46.858720056105,-22.8499663875195],[-46.8586810173912,-22.8500674238077],[-46.8586819861818,-22.8501503866705],
          [-46.8586530237486,-22.8502833572922],[-46.8586139976515,-22.8503794276099],[-46.8585550620756,-22.8504944199954],[-46.858501065787,-22.8506004162079],[-46.8584479988437,-22.850674349499],
          [-46.8583690275548,-22.8507754007246],[-46.8583050087611,-22.8508534345432],[-46.8582560606441,-22.8508994208427],[-46.8581970396999,-22.8509314399261],[-46.8581230613422,-22.8509684189104],
          [-46.8580590123516,-22.8509734104237],[-46.8579550435156,-22.8510383675402],[-46.8578220439125,-22.8511073653739],[-46.8577040413912,-22.8511684232702],[-46.8576300067435,-22.8511953807839],
          [-46.8575610316622,-22.8512103612431],[-46.8574719994803,-22.8512334308493],[-46.8573790087231,-22.8512844454578],[-46.8572749799151,-22.8513214137316],[-46.8569180446041,-22.8528724759199],
          [-46.8568790368898,-22.8530054732625],[-46.8568700452712,-22.8531064293476],[-46.8568359849849,-22.8532664551864],[-46.856837057732,-22.8534634499858],[-46.8568480569815,-22.8536104902234],
          [-46.8568540430762,-22.8538024618536],[-46.8568350506644,-22.8539124731217],[-46.856821047503,-22.8541234578569],[-46.856792066282,-22.8543024750626],[-46.8567830285128,-22.8544354837332],
          [-46.8567790174264,-22.8545954296908],[-46.8567650156566,-22.8547474566686],[-46.8567610733373,-22.8549124579182],[-46.8567470708289,-22.8550585259265],[-46.8567330805826,-22.8552054966646],
          [-46.8567090679775,-22.8553245049712],[-46.8566700433807,-22.8554445010741],[-46.8566360413694,-22.8555675083242],[-46.8565930279485,-22.8557605032526],[-46.8565450875459,-22.855957528323],
          [-46.8565161057545,-22.8561365454886],[-46.8564870863323,-22.8562655438245],[-46.8564970478695,-22.8563244755789],[-46.8564591176212,-22.8564895123225],[-46.8558101103684,-22.8579595620862],
          [-46.8557211147869,-22.8580565759753],[-46.855647067703,-22.8581065562229],[-46.8555680942499,-22.8581665255319],[-46.8544980882763,-22.8593456092838],[-46.8544980754108,-22.8593505752474],
          [-46.8544090939831,-22.8594605897238],[-46.8543360950079,-22.8595345736812],[-46.8542620729748,-22.8595805804024],[-46.8541280918477,-22.8596135623461],[-46.8540150902822,-22.8596825952247],
          [-46.8539360348527,-22.8597425647551],[-46.8539120476687,-22.8597335447296],[-46.853858086856,-22.8598485679865],[-46.8538390198244,-22.8599355565449],[-46.8538150887471,-22.8600726210891],
          [-46.8524400604279,-22.8609045703759],[-46.8523120006482,-22.8608825870605],[-46.8522030187943,-22.8608276070754],[-46.8520740072363,-22.8607236535117],[-46.8519590329959,-22.8606415665578],
          [-46.8518950465377,-22.8605686369105],[-46.8517950401737,-22.8604585669638],[-46.8517210089311,-22.8603855736084],[-46.8516710295551,-22.860308598414],[-46.8515859665122,-22.8601805676835],
          [-46.8515409970433,-22.8601115697145],[-46.8514670064188,-22.8601126115969],[-46.8512799909785,-22.8601455765264],[-46.8512159438574,-22.8601865902639],[-46.8510769406878,-22.8602285666303],
          [-46.8509739332275,-22.8602526081822],[-46.8508309641315,-22.8602806359095],[-46.8507619992001,-22.8603086149922],[-46.8507419278033,-22.8604046437358],[-46.8506439263945,-22.8605015792512],
          [-46.8505109558681,-22.8605796000146],[-46.8504319852183,-22.8605985763251],[-46.8502739290283,-22.8606636164657],[-46.8501509837518,-22.8607106419392],[-46.8500719481927,-22.8607426202559],
          [-46.8500129407878,-22.8608116543822],[-46.8499239602165,-22.8608805856753],[-46.8498109460045,-22.8609726392272],[-46.8497279511788,-22.8610326526112],[-46.8496639456027,-22.8610886530373],
          [-46.8495849517243,-22.8611296594113],[-46.8494619278928,-22.8611946525464],[-46.8493879415149,-22.8612316279413],[-46.84924995984,-22.8613016703845],[-46.8491359505555,-22.861379650185],
          [-46.8489989481533,-22.8614626824666],[-46.8488409303021,-22.8616196336981],[-46.8487529451971,-22.8617206049512],[-46.8486938852626,-22.8618036338431],[-46.848679950675,-22.8619316432014],
          [-46.8486699598859,-22.8620186161002],[-46.8486809489106,-22.862064625382],[-46.8487309349946,-22.8621836755476],[-46.8487759038675,-22.8622526743429],[-46.8488349239142,-22.8623386644421],
          [-46.8489049667131,-22.8624257001118],[-46.8489649449573,-22.8624756542264],[-46.8490099164756,-22.8625626201599],[-46.8491459712042,-22.8640696550209],[-46.8491219974019,-22.8641387329739],
          [-46.8491169986662,-22.8642027147615],[-46.8490829820254,-22.8642896961509],[-46.8490389861479,-22.8643637018514],[-46.8490300216311,-22.8644137351592],[-46.8489710110024,-22.8644826787335],
          [-46.8489019574831,-22.8645517390489],[-46.8487740093585,-22.8646627454849],[-46.8487199903995,-22.8647086978778],[-46.8486309541323,-22.8647737468657],[-46.8485429895338,-22.8648467286663],
          [-46.8484349813976,-22.8649527178245],[-46.8483019768214,-22.8650227017929],[-46.8481879521436,-22.8651057373661],[-46.8481489724841,-22.8651467295495],[-46.8481289958258,-22.865178742976],
          [-46.8480749538276,-22.865252684621],[-46.8480370092703,-22.8653997527867],[-46.8480129590158,-22.8655047659935],[-46.8480429680571,-22.8656557394218],[-46.8480589926416,-22.8657887275323],
          [-46.8481039746908,-22.8659357348479],[-46.8481639795976,-22.8660587315996],[-46.8481790185197,-22.8661367459436],[-46.8482339607184,-22.8662597112101],[-46.8482790040773,-22.8663696997921],
          [-46.8483340031221,-22.8665027765688],[-46.8483800131642,-22.8666307211196],[-46.8484100047156,-22.8667447669735],[-46.8484300063086,-22.8668687702969],[-46.8484260422671,-22.8669557633917],
          [-46.848431026563,-22.8670567373438],[-46.848487046438,-22.8672117420679],[-46.8484970204011,-22.8672717577021],[-46.8485420354325,-22.8673677519108],[-46.8485920065907,-22.8674677514299],
          [-46.8487260706834,-22.8676418022982],[-46.8487560754642,-22.8676737764276],[-46.8488260367784,-22.8677367963702],[-46.8489550640862,-22.8678237780079],[-46.8490540626283,-22.8679007256437],
          [-46.8491580413742,-22.8679597383465],[-46.849262110969,-22.8680787911856],[-46.8493720800241,-22.868164730065],[-46.8494361123577,-22.8682467790616],[-46.8494860559262,-22.8683387429604],
          [-46.8495860693537,-22.8684667812023],[-46.8496761177452,-22.8685947547136],[-46.8497600848867,-22.8687127769844],[-46.8498151048366,-22.8687998061692],[-46.8498750706025,-22.8689137737796],
          [-46.8499101075537,-22.8689967918859],[-46.8499601186196,-22.869087761647],[-46.849986104447,-22.8692618046293],[-46.8500061263042,-22.8693397607208],[-46.8500310899183,-22.86948582643],
          [-46.8500471197882,-22.8696367813188],[-46.8500631405682,-22.8698107596382],[-46.8500541610554,-22.869930766014],[-46.8500391117993,-22.8700357649887],[-46.850006172495,-22.8702377603938],
          [-46.8499521600477,-22.8704028025029],[-46.8498991368844,-22.8705637701469],[-46.8498651390247,-22.8706047951079],[-46.8498261153371,-22.870701856829],[-46.8497671064896,-22.8707888582688],
          [-46.8497281682408,-22.8709218534303],[-46.8497241434367,-22.8710457748027],[-46.8497341156063,-22.87116483838],[-46.849760133443,-22.8713708427787],[-46.8497711424213,-22.8715307945506],
          [-46.8497671609984,-22.8716638344536],[-46.8497772006344,-22.8717878630463],[-46.8497631443211,-22.8719068450148],[-46.849734199176,-22.8720538087726],[-46.8497001604131,-22.8721688699898],
          [-46.8497061840922,-22.8723108222403],[-46.849711166748,-22.8723878698454],[-46.8497032026399,-22.8726538593568],[-46.8497331445046,-22.8727818096128],[-46.8498131623387,-22.8729698504566],
          [-46.8498341528382,-22.8730658527518],[-46.8499492140461,-22.8732898716343],[-46.8500781900473,-22.8735088529537],[-46.8501732099087,-22.8737008721965],[-46.8502682364007,-22.8738519007513],
          [-46.8503681938675,-22.8740938816607],[-46.8504382631237,-22.8742178434442],[-46.8504782740951,-22.8743178677266],[-46.850549254325,-22.8745148614352],[-46.8505652807626,-22.8747068969768],
          [-46.8505652790101,-22.8747719039995],[-46.850482273105,-22.8748908759887],[-46.8504182802421,-22.8749778454317],[-46.8503342725573,-22.8750289328089],[-46.8501422064747,-22.8750939180274],
          [-46.8500582446708,-22.8751128623771],[-46.8499692603124,-22.8751229266667],[-46.8490601772421,-22.8754049074672],[-46.8490161937157,-22.8754089402661],[-46.8489911792247,-22.8754369494896],
          [-46.8489272171147,-22.8754788645441],[-46.8488431782681,-22.8755158666795],[-46.8487301969833,-22.8755579003114],[-46.8486752031117,-22.875561880487],[-46.8486012392314,-22.8756129404853],
          [-46.8485872071793,-22.8756448848806],[-46.8485232009186,-22.8757369098958],[-46.8485092118935,-22.875860947102],[-46.8484652018897,-22.8759578859702],[-46.8483921943746,-22.8761269406143],
          [-46.8483482144178,-22.8762379639674],[-46.8483102019505,-22.8763979440753],[-46.8483012233687,-22.8765359175835],[-46.8482721797472,-22.8766639218915],[-46.8482631920827,-22.8767419445592],
          [-46.8482292430404,-22.8769349226545],[-46.8481862041154,-22.8770679651982],[-46.8480931812229,-22.8772189240683],[-46.8480682567802,-22.8773069733534],[-46.84800518715,-22.877402959967],
          [-46.847897204405,-22.8775589681851],[-46.8478382470989,-22.8776559903875],[-46.8477251787639,-22.8777569822037],[-46.8476662425366,-22.8778259246704],[-46.8475821829945,-22.8779089731296],
          [-46.8475382338851,-22.8779689834622],[-46.8474452013607,-22.8780659501478],[-46.8473322032561,-22.8781899642308],[-46.8472431987062,-22.8782639509531],[-46.8471202030964,-22.8783559387016],
          [-46.8470071697334,-22.8784299336616],[-46.8468641797295,-22.8785409333745],[-46.8466131590816,-22.8786800034472],[-46.8464502185606,-22.8787539458035],[-46.846381215969,-22.8787680196219],
          [-46.8462282089653,-22.8788099748466],[-46.8460641772008,-22.8788389662643],[-46.8457731633031,-22.8789089780759],[-46.8455602053105,-22.8789509968071],[-46.8454221245631,-22.8789379733726],
          [-46.8452291840445,-22.8789389492475],[-46.8451151738413,-22.8789349457429],[-46.8449961719829,-22.8789540234484],[-46.8447941142379,-22.8789879693314],[-46.8446451363327,-22.8790070335259],
          [-46.8444921077615,-22.8789940021744],[-46.8443581666947,-22.878989958542],[-46.8443191098321,-22.878989960284],[-46.8442341630568,-22.8789719854822],[-46.8441501387555,-22.8789449711624],
          [-46.8440950844379,-22.8789089530843],[-46.8440011066812,-22.8788590307945],[-46.8439461162131,-22.8788039612156],[-46.843822119042,-22.8787270298767],[-46.8437470638725,-22.8786679494427],
          [-46.8436480932998,-22.8786410179177],[-46.8435691345137,-22.8786320020616],[-46.8434951037981,-22.8786189563524],[-46.843411059541,-22.8786379885885],[-46.8433221144516,-22.8786749545829],
          [-46.8432180887072,-22.8787080324573],[-46.8431190615379,-22.8787720209966],[-46.8430361204024,-22.8788369967051],[-46.8429470476177,-22.8789239833852],[-46.8428640676316,-22.8789979882358],
          [-46.8427650969411,-22.879089965116],[-46.8426370902831,-22.8791920296173],[-46.8424990907223,-22.8792980019441],[-46.8424110704468,-22.8793439855162],[-46.842351096007,-22.879372037862],
          [-46.8422130745956,-22.8794050577088],[-46.8421090720691,-22.8794280224],[-46.8419460574784,-22.8794610608072],[-46.8417930584325,-22.8794799883947],[-46.8417090549509,-22.8795080480734],
          [-46.8416450498151,-22.8795589896724],[-46.8415320417676,-22.8796470655356],[-46.8414280062883,-22.8797390100399],[-46.8413650556637,-22.8798680382482],[-46.8413210837467,-22.8799920613263],
          [-46.8412480819628,-22.8800790415405],[-46.8410700573378,-22.8801670576612],[-46.8408920712718,-22.8802460443679],[-46.840659997852,-22.880307057964],[-46.8405070391214,-22.8803350126839],
          [-46.8403490463134,-22.8803770201573],[-46.8401060243083,-22.8803830841669],[-46.839731035009,-22.8804540573899],[-46.839467974601,-22.880464054169],[-46.8391519667226,-22.8804750243303],
          [-46.8389489525963,-22.8804860409146],[-46.8387709693636,-22.8804640834631],[-46.8386269630499,-22.8804050759025],[-46.8386069625737,-22.8803820129897],[-46.8384929217695,-22.8803460432286],
          [-46.8384039156565,-22.8803190834786],[-46.8383339531112,-22.8802740264232],[-46.8382349651839,-22.8802100736999],[-46.8380409414078,-22.8801010828083],[-46.837851941119,-22.8800010623671],
          [-46.8377328921198,-22.8799750816081],[-46.8375989353689,-22.8799520720322],[-46.8374008868348,-22.8799260111477],[-46.837252923059,-22.8799310621598],[-46.8371488756754,-22.8799090607959],
          [-46.8370449397893,-22.8799370775872],[-46.8369069037377,-22.8799930262213],[-46.8367729245564,-22.8800160630504],[-46.8366789121253,-22.8800350264294],[-46.8365119062175,-22.8801000674162],
          [-46.8363778885883,-22.8801560594676],[-46.8362448753946,-22.8802031012999],[-46.8361958692374,-22.8802580207918],[-46.836096836469,-22.8803040379355],[-46.8359289048145,-22.8803600602366],
          [-46.8357958643819,-22.8804110746956],[-46.8357658345187,-22.8804070877108],[-46.8356518877634,-22.8803840259635],[-46.8355378217915,-22.8803580762937],[-46.8352798166702,-22.8802720316241],
          [-46.8351418144493,-22.8802410310479],[-46.8349778406597,-22.8801910988381],[-46.8348688629814,-22.8801550679602],[-46.8346207879679,-22.8801201008464],[-46.8344968508077,-22.8801070852403],
          [-46.8344778029427,-22.8800890669011],[-46.8344377929923,-22.8800660537825],[-46.8343478075464,-22.8800020849159],[-46.8342928078905,-22.8799520680505],[-46.8342437966745,-22.8799111011488],
          [-46.8341837747893,-22.8798700807121],[-46.8340988375937,-22.8797930519582],[-46.8340487660818,-22.8797150791279],[-46.8339598237937,-22.8796330403714],[-46.833869783602,-22.8795470415515],
          [-46.8338008141701,-22.8794920392488],[-46.8336807997797,-22.8794240825753],[-46.8335967886473,-22.8793740389652],[-46.8335167963906,-22.8793240392371],[-46.8334027963141,-22.8792610690929],
          [-46.8333427480219,-22.8792240212859],[-46.8332837724886,-22.8791830786944],[-46.8332287874147,-22.8791520217445],[-46.8331787445975,-22.8791060102431],[-46.8330847291673,-22.8790470529095],
          [-46.8330197655063,-22.8789970601708],[-46.8329797420317,-22.8789610453231],[-46.8329007120806,-22.8788510828693],[-46.8328597085081,-22.8787600938408],[-46.8328147232116,-22.8786000803167],
          [-46.8328287442921,-22.8785490864505],[-46.8328486989926,-22.8785030802989],[-46.8329067428143,-22.8783970448065],[-46.8329266970025,-22.8783330713222],[-46.8329597575283,-22.8781680046167],
          [-46.8329587163034,-22.8779710079999],[-46.8329437230224,-22.8778659952542],[-46.8329177459787,-22.8777330295564],[-46.8328877520985,-22.8776420038449],[-46.8328566839889,-22.8774770445534],
          [-46.8328507173812,-22.877361996015],[-46.8328606653052,-22.8772710514791],[-46.8328747097048,-22.8771560430726],[-46.8328987342554,-22.8770780280031],[-46.8329277281358,-22.8770050117661],
          [-46.8329816870634,-22.8768940575201],[-46.8330296710886,-22.8767750462265],[-46.8331036927104,-22.8766739728694],[-46.8331276913298,-22.8766000210362],[-46.8331767233237,-22.8765410392104],
          [-46.8331956823922,-22.8764210082635],[-46.8332096594747,-22.8763069937815],[-46.8332197134592,-22.8762060260263],[-46.8331347238906,-22.8760830405296],[-46.8330596857541,-22.8759590373478],
          [-46.83299968944,-22.8758540017637],[-46.8329496608912,-22.8757910157731],[-46.8329096644374,-22.8757449785504],[-46.8328696551828,-22.875686030262],[-46.8328096869525,-22.8756129562613],
          [-46.8327996671661,-22.8755670248365],[-46.8327696345883,-22.8754850283096],[-46.8327486554121,-22.8753890230286],[-46.8327236600156,-22.8753469660577],[-46.8327176419823,-22.8752460030169],
          [-46.8326626431837,-22.8751540014322],[-46.8326426557065,-22.8750719793556],[-46.8326026182108,-22.8749989463545],[-46.8325626469942,-22.8748889847265],[-46.832522658942,-22.8747239475095],
          [-46.8324575996833,-22.8745829450437],[-46.8323926091441,-22.8744590062106],[-46.8322926623905,-22.8743770027839],[-46.832114614513,-22.8742359480254],[-46.8319605843748,-22.8741359682671],
          [-46.8317816017081,-22.8740269761711],[-46.8317025775141,-22.8739769641409],[-46.8316286165728,-22.8739269840221],[-46.8315885680276,-22.8738949416727],[-46.8315535674207,-22.8738079459385],
          [-46.8315136262776,-22.8737719296493],[-46.8314195472199,-22.873689948302],[-46.8313205399932,-22.8736119963406],[-46.8312606021622,-22.8735709736056],[-46.8311366030461,-22.8735349322517],
          [-46.831037597462,-22.8735169314504],[-46.8309685938409,-22.8734949735347],[-46.830869561281,-22.873480945618],[-46.8308055803099,-22.8734859259647],[-46.8307165267628,-22.8734729567822],
          [-46.830632576037,-22.8734689576142],[-46.8293114764,-22.8733699494422],[-46.8291635171555,-22.8732969834281],[-46.8290794988039,-22.8732699606967],[-46.8289494996787,-22.8731699722209],
          [-46.8288704642657,-22.873142982337],[-46.8287564711852,-22.8731159430815],[-46.8285834532565,-22.873061954412],[-46.8283215031853,-22.8730219897993],[-46.8281974386164,-22.8729809809744],
          [-46.828064413831,-22.8729729400241],[-46.8279204205131,-22.872931979544],[-46.8277824536026,-22.87293293372],[-46.8275544435734,-22.8729249911346],[-46.8273323919464,-22.8729119235891],
          [-46.8272133912399,-22.8728949627609],[-46.8270704297581,-22.8728770131635],[-46.827010426123,-22.8729089424848],[-46.8269563839763,-22.8729419770284],[-46.8268683751089,-22.8730429375563],
          [-46.8267753982174,-22.8731809733543],[-46.8266774122374,-22.8733650234366],[-46.8266434184651,-22.8734609391023],[-46.8265793841895,-22.8735939472702],[-46.8265114394156,-22.8737409950408],
          [-46.8264374128982,-22.8738419753009],[-46.8263393989153,-22.8738979966218],[-46.8262403939618,-22.8739400345715],[-46.8261073684898,-22.873968017097],[-46.825983410103,-22.8739589674246],
          [-46.8257264005454,-22.8739279706794],[-46.8255623562026,-22.8738599712472],[-46.8255283901786,-22.8738379697476],[-46.8254884111449,-22.873768997026],[-46.8254383596201,-22.8737460064545],
          [-46.8254233595338,-22.8736640162359],[-46.8253834065791,-22.8735909802032],[-46.8253533788715,-22.8735089819376],[-46.8253384055212,-22.8734770111778],[-46.8252493383579,-22.8734449882008],
          [-46.8252393466737,-22.8734129602365],[-46.8251253411882,-22.8734269997212],[-46.8250563497819,-22.8734959594822],[-46.824958348017,-22.8736069654793],[-46.8248893695962,-22.8737489683623],
          [-46.8241573579129,-22.875371004169],[-46.8241373880134,-22.8753980489795],[-46.8240983706093,-22.8754670256019],[-46.8240593803812,-22.8755320292132],[-46.824025398964,-22.8756050110169],
          [-46.8239714076876,-22.8757020585475],[-46.8239523872379,-22.8757520257076],[-46.8238983821125,-22.8758300225161],[-46.823839394247,-22.875950060599],[-46.8237763742656,-22.8760690614611],
          [-46.8237423524146,-22.8761750892478],[-46.8237083971441,-22.8762620654041],[-46.8236394030805,-22.8763910664855],[-46.8235803473973,-22.8764820323891],[-46.823556398206,-22.876524020379],
          [-46.8235173941648,-22.8765880308647],[-46.8234733404674,-22.8766710598393],[-46.8234143929431,-22.8767400843578],[-46.8232963766037,-22.8768510481935],[-46.8231923450875,-22.8769381056941],
          [-46.8231093547337,-22.87701210086],[-46.8230404009233,-22.8770900882816],[-46.8229763905219,-22.8771411130264],[-46.8228433320954,-22.8772510753081],[-46.8226603558201,-22.8773300991776],
          [-46.8224933439939,-22.8774371098192],[-46.8223703318818,-22.8775111120314],[-46.8222763441415,-22.877580086432],[-46.8222423359447,-22.8776211061006],[-46.8221833207765,-22.8776671074225],
          [-46.822139345086,-22.8777500448957],[-46.8220803563695,-22.8778280982912],[-46.822021338855,-22.8779521088351],[-46.8219673718627,-22.8780210757866],[-46.821908381443,-22.8781411132919],
          [-46.8218603195221,-22.8782550664851],[-46.8217963198212,-22.8783791340621],[-46.8217283673443,-22.8784900647997],[-46.82168436507,-22.8785770654544],[-46.8216353931599,-22.8786830836337],
          [-46.8215713657968,-22.8788111241461],[-46.8215183620961,-22.8789221543656],[-46.8214443545654,-22.8790731521899],[-46.8213513820031,-22.8791701039124],[-46.8213123885919,-22.8792711320927],
          [-46.8212393587739,-22.8793990950685],[-46.8211653687349,-22.8794371416754],[-46.8210763874087,-22.8795561682096],[-46.8210573787071,-22.8796071281246],[-46.820998375238,-22.8796661304723],
          [-46.8209243576877,-22.8797081499862],[-46.8208603703612,-22.8797911358358],[-46.8207863113614,-22.8798420943274],[-46.8206833607107,-22.8799201091277],[-46.8205503262033,-22.8800081293119],
          [-46.8203923219506,-22.8801641517544],[-46.820294366012,-22.8802611599984],[-46.8202203315035,-22.880362137808],[-46.8201223612518,-22.8804821696949],[-46.8200733742585,-22.8805691367642],
          [-46.8199803173326,-22.8807261306084],[-46.8198533730815,-22.8808911869331],[-46.8197993603558,-22.8810471919095],[-46.8197753537321,-22.8811391999136],[-46.8197463084368,-22.8812631374537],
          [-46.8197273238131,-22.8813821745127],[-46.8196993076507,-22.8815651489596],[-46.8196993444738,-22.881634128972],[-46.8196453231134,-22.8816992134604],[-46.8196063808959,-22.8817861557014],
          [-46.8195423503847,-22.8818961378586],[-46.8194893179043,-22.8819931731201],[-46.819376339393,-22.8821991505369],[-46.8192683181515,-22.882379158334],[-46.8191853598612,-22.8825161727212],
          [-46.8191223202983,-22.8826221706978],[-46.8190823615641,-22.8826871843533],[-46.818165330795,-22.8839792334284],[-46.8181063516162,-22.8840342618638],[-46.8180483727413,-22.8841582592947],
          [-46.8179643537182,-22.8842821934314],[-46.8178523355219,-22.8845122659926],[-46.8177793802596,-22.8846402267679],[-46.8177203291676,-22.8847742583944],[-46.8176913517809,-22.8848432091355],
          [-46.8176273081382,-22.8849162627668],[-46.8163513144044,-22.8858942308413],[-46.8162583108022,-22.8859593084213],[-46.8154893489346,-22.8873052694984],[-46.8154802874904,-22.8873972868319],
          [-46.8154663207397,-22.887525295074],[-46.8154673652747,-22.8877183201941],[-46.8154733126449,-22.8879053302478],[-46.8155053785074,-22.8881163295283],[-46.8155653865035,-22.8883313433936],
          [-46.8156263502144,-22.8884733028254],[-46.8156463154903,-22.8885783512055],[-46.8156773408586,-22.8887293203868],[-46.8156823975776,-22.8888253296696],[-46.8156883492917,-22.8889583470466],
          [-46.8156843630472,-22.8890633079378],[-46.8156743263636,-22.8891183180851],[-46.8156604001676,-22.8892372969965],[-46.8156864069654,-22.8893433597844],[-46.8157763512918,-22.8895852985695],
          [-46.8158663697537,-22.8897543735518],[-46.8159523792225,-22.8899603320224],[-46.8160574265478,-22.8901293253925],[-46.8161374130395,-22.8902753106718],[-46.8161874382723,-22.8903803764957],
          [-46.8162324401259,-22.8904763805744],[-46.8163174109143,-22.8906043413409],[-46.8164024102038,-22.8907223699856],[-46.8165074089949,-22.8908273489605],[-46.8166514397352,-22.8909783801903],
          [-46.8167214666005,-22.8910283216859],[-46.8167964366786,-22.8910873257669],[-46.8169204316646,-22.8911823360614],[-46.8170094531385,-22.8912463257963],[-46.8170744976707,-22.8913143818007],
          [-46.8170994772775,-22.8913553579795],[-46.817115426827,-22.891424336577],[-46.8171104530188,-22.8914973465802],[-46.8170814467791,-22.8915943773072],[-46.8170624734704,-22.8916903904059],
          [-46.8169994784808,-22.8918604017879],[-46.8169704546659,-22.8920163911],[-46.8169214331087,-22.8921494049458],[-46.8168684440007,-22.8923103633007],[-46.8168344764467,-22.8924753476891],
          [-46.8168064567153,-22.8926403543466],[-46.8168064503402,-22.8927543888117],[-46.8168274623809,-22.8928413672385],[-46.8168474568492,-22.8929424423039],[-46.8168574872034,-22.8929834088741],
          [-46.8168435116406,-22.893056431517],[-46.8168245253961,-22.8931394431937],[-46.816799525308,-22.8931994097799],[-46.8167954771499,-22.893245412922],[-46.8167604836715,-22.8933093761851],
          [-46.8167214979826,-22.8933873798108],[-46.8166674823149,-22.8934653747118],[-46.8165744884736,-22.8935074290039],[-46.8165004767159,-22.8935264232205],[-46.8164214551419,-22.8935494473754],
          [-46.8162624867348,-22.8935863870079],[-46.8160794348621,-22.8936194485087],[-46.8159664387692,-22.893680420826],[-46.8158284621464,-22.8937124250933],[-46.8156604498658,-22.893782422823],
          [-46.8154874374508,-22.8938933782328],[-46.8153104576461,-22.8940504259608],[-46.8152224284367,-22.8941514714883],[-46.815138420904,-22.8941924291348],[-46.8150144420852,-22.8942254465538],
          [-46.8148954216796,-22.8942264450844],[-46.8147184612061,-22.8942824590747],[-46.8146634289212,-22.8943144178057],[-46.8145654039477,-22.8944434763425],[-46.8145464434155,-22.8945164654915],
          [-46.8145624816036,-22.8946404290976],[-46.814607441723,-22.8947634303357],[-46.81469245392,-22.8949004202328],[-46.8154634864795,-22.8962574960785],[-46.8155434910651,-22.8963804576193],
          [-46.8155834980882,-22.8964814846876],[-46.8156684866339,-22.8966044794771],[-46.8157135163097,-22.8967144779465],[-46.8157495571616,-22.8968194326953],[-46.81584954568,-22.8970064510387],
          [-46.8160045728204,-22.8972764472697],[-46.8161145828553,-22.8974494464082],[-46.8162495627586,-22.8976324528497],[-46.8163195265521,-22.8976954868624],[-46.8164185684747,-22.8978234669145],
          [-46.8165485437053,-22.8979324937355],[-46.8166235436317,-22.8980054920255],[-46.8167326097873,-22.8980835179827],[-46.8167975502173,-22.8981374900735],[-46.8168766100933,-22.898201503238],
          [-46.8169766057031,-22.8982924537149],[-46.8170555995121,-22.8983515016709],[-46.8171806453018,-22.8984705160292],[-46.8172556184951,-22.8985474869793],[-46.8173596080411,-22.8986244870744],
          [-46.8174485960903,-22.8986614803824],[-46.8175936578026,-22.8987565195102],[-46.8177166718673,-22.8987834624572],[-46.8178166591593,-22.8988195170854],[-46.8179356277556,-22.8988504788424],
          [-46.8180936359568,-22.8988315156369],[-46.8183306550714,-22.8987704763485],[-46.8185036285908,-22.8986924734025],[-46.8186866755353,-22.8986224809002],[-46.818814704664,-22.8985434573003],
          [-46.8190016762141,-22.898478475665],[-46.819214703144,-22.8984085004279],[-46.8194967000699,-22.8984714519979],[-46.8196906725894,-22.8985394744133],[-46.8198096665737,-22.8986204542094],
          [-46.8199096777572,-22.8987304533746],[-46.8200247327725,-22.8988715198645],[-46.8201987261819,-22.8991044564374],[-46.8202786978487,-22.899236534733],[-46.820364721824,-22.8994245223766],
          [-46.8204547650045,-22.8996065048653],[-46.8205297254374,-22.8997484818562],[-46.8206097632683,-22.8999034924094],[-46.820714745268,-22.9000545151687],[-46.8207947981133,-22.9001685345439],
          [-46.8208747567512,-22.9002875208062],[-46.8209348090319,-22.9003784749931],[-46.8210047899385,-22.9004605573619],[-46.8210447602221,-22.9005884890574],[-46.8211698245602,-22.900720501246],
          [-46.8212847615487,-22.9008344815032],[-46.8214088095813,-22.9009024907477],[-46.821601848476,-22.9009845159589],[-46.821740780317,-22.9010295113032],[-46.8234618945701,-22.9008364988639],
          [-46.8235269069736,-22.9008415309446],[-46.8236458648987,-22.9008354702135],[-46.8238188643189,-22.9008074808674],[-46.8239568463106,-22.9007935269678],[-46.8241148681035,-22.9007695013987],
          [-46.8242389177289,-22.9007415320163],[-46.8243568714275,-22.9006905187853],[-46.8244068659351,-22.9006485022879],[-46.8244848724737,-22.9005795290111],[-46.8245689070967,-22.9005285440872],
          [-46.8246779118902,-22.9005055324684],[-46.8248609437372,-22.9004944912289],[-46.8250539430329,-22.9004715075071],[-46.8251328998665,-22.9004614811702],[-46.8252609277735,-22.9004245267754],
          [-46.8253409024865,-22.9004004939796],[-46.8254689570945,-22.9003775337759],[-46.8256029450543,-22.9003714794441],[-46.825750933407,-22.9003665281085],[-46.8259149835737,-22.9004384980484],
          [-46.8260189258423,-22.9005115199797],[-46.8260939192283,-22.9006075369674],[-46.8261939770502,-22.900762494736],[-46.8262699769942,-22.901023456402],[-46.8263050091358,-22.9010824631678],
          [-46.8263599759172,-22.9011834955329],[-46.8264549432176,-22.9012465080625],[-46.8265339695221,-22.901319545248],[-46.8266239932707,-22.9014154793759],[-46.8267240254867,-22.9015384750486],
          [-46.826843000797,-22.9016475289829],[-46.826947975394,-22.9017434715142],[-46.8270480489008,-22.9018754952805],[-46.827107986055,-22.901939542341],[-46.8271479895554,-22.9020634990929],
          [-46.8271640272318,-22.9021685001782],[-46.827174023756,-22.9022785366],[-46.8271850368814,-22.9023565090665],[-46.827179988109,-22.9024474872133],[-46.8271760519754,-22.9025255413687],
          [-46.8271970065249,-22.9026675039748],[-46.8271830648441,-22.9028145630138],[-46.8272030406233,-22.9029195187745],[-46.8272780644316,-22.9030655542845],[-46.8273790774105,-22.9032435235535],
          [-46.8274680199528,-22.9033665559307],[-46.8275490988643,-22.9035085489311],[-46.8276330577819,-22.9036135809369],[-46.8276840479882,-22.9037595316122],[-46.8277290774523,-22.9039105167012],
          [-46.8277500736226,-22.9040255728634],[-46.8277361179326,-22.9041535812947],[-46.8277270770811,-22.9042585097203],[-46.8276881110644,-22.9043915912374],[-46.8276350508924,-22.9045525533603],
          [-46.8275960572999,-22.9047135341721],[-46.8275820764957,-22.9049055570787],[-46.8275981295717,-22.9050296086428],[-46.8276480755694,-22.9051576039837],[-46.8277831172185,-22.9052895857918],
          [-46.8278481194776,-22.9053535741544],[-46.8279221108549,-22.9054165561421],[-46.8280071285167,-22.9054985522262],[-46.8280570872991,-22.9055675892006],[-46.8281121231089,-22.9056495691825],
          [-46.8281771010596,-22.9057775718472],[-46.8282081713954,-22.9058825802393],[-46.8282231249155,-22.9059785647877],[-46.8282781634579,-22.9061205861638],[-46.8283241589605,-22.906271559845],
          [-46.8283791162296,-22.9063715982013],[-46.8285141338357,-22.906531568811],[-46.8285991404599,-22.9066545553699],[-46.8302412697169,-22.9072966358242],[-46.8303602591221,-22.9072686294575],
          [-46.8305582611088,-22.9071986312339],[-46.8307112356126,-22.9071335759739],[-46.8309922276851,-22.9069946337132],[-46.8311502386905,-22.9069156156499],[-46.8313472735217,-22.9068275700681],
          [-46.8316142254664,-22.9067205700023],[-46.8317962441742,-22.9066695345226],[-46.8319102522486,-22.9066776093433],[-46.8320542964202,-22.9067135976628],[-46.8321732485716,-22.906754570311],
          [-46.8322773026548,-22.9067815395722],[-46.8323962684647,-22.9068175460584],[-46.8325003361695,-22.9068395491811],[-46.8326442879429,-22.90688059413],[-46.8328133030346,-22.906902569816],
          [-46.8329663244148,-22.9069426069092],[-46.8330803448787,-22.9069515836073],[-46.8331843574237,-22.9069455976912],[-46.8333333152841,-22.9069405374378],[-46.833540333709,-22.9069075397788],
          [-46.8336843213034,-22.9068796034908],[-46.8338473565584,-22.9068276111448],[-46.8340203719239,-22.9067765868309],[-46.8341683735025,-22.9067065296632],[-46.834325363241,-22.9066055804205],
          [-46.8344493710968,-22.9065265908019],[-46.8345423652895,-22.9064485913845],[-46.8346363907768,-22.9063695868382],[-46.8347053376551,-22.9062965601068],[-46.8347633654635,-22.9062185131006],
          [-46.8348323804013,-22.9061445826567],[-46.8348813263066,-22.906084517516],[-46.834950368958,-22.9060245813057],[-46.8350343332957,-22.9059505683368],[-46.8351223427523,-22.9058725359239],
          [-46.8351763517711,-22.9057945352245],[-46.8352943777262,-22.9056475371821],[-46.8353633741574,-22.905536498491],[-46.8354223658402,-22.9054405631652],[-46.8354853489853,-22.9053485543487],
          [-46.8355443548814,-22.9052834972216],[-46.8356484004625,-22.9052144885511],[-46.8357613836534,-22.9051585585118],[-46.8359444152393,-22.9050935121519],[-46.8360723913913,-22.9050705441649],
          [-46.8363294115223,-22.9049905570785],[-46.8381784692588,-22.904550502206],[-46.8382864682275,-22.9045125050885],[-46.8384844882312,-22.9044385245117],[-46.8385924695255,-22.9043694684563],
          [-46.8387804541998,-22.9042904573112],[-46.8389574660363,-22.9042024539611],[-46.83919548978,-22.9041504909408],[-46.8393034910008,-22.9041365096371],[-46.8394274592513,-22.904108529329],
          [-46.8396554522256,-22.9040935191488],[-46.8398284543769,-22.9041014467287],[-46.8399575196141,-22.9041235165739],[-46.8401155204299,-22.904145521919],[-46.8402394949083,-22.9041774918581],
          [-46.840418518452,-22.9042265201439],[-46.8405575389967,-22.9042714974503],[-46.840626544791,-22.9042804487695],[-46.8407655098133,-22.9042975276776],[-46.8408095077535,-22.9043295212296],
          [-46.8410035511759,-22.9044014883489],[-46.8410825267332,-22.9044284716888],[-46.8411525165105,-22.9044745195421],[-46.841226508191,-22.9045014702969],[-46.8413405714595,-22.904537526899],
          [-46.8414455407734,-22.9045965316025],[-46.8431486081988,-22.904655506207],[-46.8431875965375,-22.9045964571552],[-46.8433406317184,-22.9044534713915],[-46.8434486234593,-22.9043794462293],
          [-46.843626648037,-22.9042774315134],[-46.8438186563433,-22.9041574676383],[-46.8439516582425,-22.904078456849],[-46.844079633205,-22.9039725083822],[-46.8441826690039,-22.9039124445669],
          [-46.8442716203377,-22.9038154361115],[-46.8443695980893,-22.9036964732312],[-46.8444286350606,-22.90360441675],[-46.8445765973892,-22.9035024793088],[-46.844679632605,-22.903442415205],
          [-46.846129694977,-22.9025914013091],[-46.8461637073862,-22.902586401301],[-46.8464516423569,-22.9026354207942],[-46.8465907023652,-22.9026714538922],[-46.8467047256565,-22.902716445562],
          [-46.8467837171253,-22.9027623862179],[-46.8468786915354,-22.9028074186765],[-46.8469826681397,-22.9028524366745],[-46.8471167471862,-22.9029064041078],[-46.8472257238749,-22.9029704144137],
          [-46.8473546862186,-22.9030204685022],[-46.8475387127808,-22.903106448308],[-46.8476677410192,-22.9031554179137],[-46.8477817650232,-22.9032004087574],[-46.847875717838,-22.9032234223651],
          [-46.8479557133071,-22.903254453311],[-46.8481147392328,-22.9033223949791],[-46.8482927234995,-22.9033954428003],[-46.8499918270014,-22.9036194357426],[-46.850006789137,-22.9036143859468],
          [-46.8501008531894,-22.9035863846225],[-46.8501997883422,-22.9035264551088],[-46.8503027956516,-22.9034704507334],[-46.850421790782,-22.9033784159977],[-46.8504998140611,-22.9033234248887],
          [-46.8505397919438,-22.903272398244],[-46.8506178366207,-22.903189417798],[-46.8506768150198,-22.9030933872694],[-46.8507258311131,-22.9030154399653],[-46.8507798512702,-22.9029094453018],
          [-46.8508378442014,-22.9027764084524],[-46.8508718379712,-22.9026754323596],[-46.8509008564216,-22.9025514007175],[-46.8509348617531,-22.9024453683959],[-46.8509788537072,-22.9022994030261],
          [-46.8509878403796,-22.9022213804359],[-46.8510568472135,-22.9021654107254],[-46.8511008097306,-22.9021473826394],[-46.8511798209356,-22.9020823578475],[-46.851258855316,-22.9019953929604],
          [-46.8514898605476,-22.9018653953162],[-46.8517028262032,-22.9018274297387],[-46.8519398822422,-22.9018173525896],[-46.8520638527401,-22.9018253872031],[-46.8521678763459,-22.9018383492617],
          [-46.8522768721848,-22.9018563996326],[-46.8523668855243,-22.9018793662472],[-46.8524008466634,-22.9018883600304],[-46.8524758417146,-22.9019654031689],[-46.8525508948594,-22.9020703443191],
          [-46.852610897382,-22.9021383529642],[-46.8526658879716,-22.9022574322832],[-46.852685891283,-22.9023393602507],[-46.8527308768439,-22.9024083565932],[-46.8527519100614,-22.9024773614725],
          [-46.8527819120358,-22.9025734381507],[-46.8528268664864,-22.9026873978139],[-46.8528868908514,-22.9027924237973],[-46.8535609387598,-22.9042863943442],[-46.8535759359793,-22.9043784024295],
          [-46.8536209517282,-22.9044554336415],[-46.8536519821392,-22.9045384064458],[-46.8536769453301,-22.9046244295318],[-46.8537019645233,-22.9046614260712],[-46.8537619951147,-22.904725461209],
          [-46.8538510072726,-22.9048164247136],[-46.853930954248,-22.9048614475781],[-46.8540300228582,-22.9049294509445],[-46.8541300098741,-22.9049704476883],[-46.854238999191,-22.9050114295446],
          [-46.8543230152525,-22.9050424101938],[-46.8544180232848,-22.9051014320057],[-46.8545319839776,-22.9051474116742],[-46.8546310117123,-22.9052064766954],[-46.8547800383824,-22.905283466552],
          [-46.8548990238619,-22.9053324570143],[-46.8550329862813,-22.9053774803843],[-46.8552170621656,-22.9054134312366],[-46.8553510362317,-22.9054533981185],[-46.855465019198,-22.9054714781346],
          [-46.8556430415702,-22.9055114718341],[-46.8557970443053,-22.9055524683131],[-46.8560300838107,-22.9055834219501],[-46.8562530928452,-22.9056274035202],[-46.8564951098319,-22.9056624047267],
          [-46.8566241228288,-22.9056803984737],[-46.8568220966137,-22.905674472359],[-46.8569311323132,-22.905683399875],[-46.8570500808576,-22.9056824604067],[-46.8571591292107,-22.9056864218345],
          [-46.8572970768263,-22.9056994350477],[-46.8573620730132,-22.9056854027069],[-46.8574851202208,-22.9056844149757],[-46.8576241501786,-22.9056883865499],[-46.857797155131,-22.9056963846116],
          [-46.8580101169417,-22.9056814335602],[-46.8581191486037,-22.9056723932058],[-46.8582381386656,-22.9056803907656],[-46.8599031657746,-22.9052134376076],[-46.8600262165535,-22.9051303771378],
          [-46.8600952277496,-22.9050513804351],[-46.8601681529566,-22.9049823597012],[-46.8602421988824,-22.9048953587272],[-46.8603162198501,-22.9048124209232],[-46.8604732264356,-22.9046143883757],
          [-46.8605222180119,-22.9045173880936],[-46.8606051921977,-22.9044073495187],[-46.8606741858042,-22.904315351497],[-46.8607332171587,-22.9042413469643],[-46.8608061566232,-22.9041263698057],
          [-46.8608502136126,-22.9040623819508],[-46.860880154289,-22.9040123733747],[-46.8609242281312,-22.9039613866087],[-46.8609682284373,-22.9038873775516],[-46.8610221670102,-22.9038053970738],
          [-46.8610661547098,-22.9037363539172],[-46.8611392214613,-22.9036483708987],[-46.8612082018421,-22.9035613386075],[-46.8612571732377,-22.9034923272879],[-46.8613061956567,-22.9034094111865],
          [-46.8613501637919,-22.9033683571072],[-46.8614042185634,-22.9032713875439],[-46.86146316302,-22.9031793264309],[-46.8614922317746,-22.9031243622012],[-46.8617341659035,-22.901560286694],
          [-46.8617471363078,-22.9013272849285],[-46.8617711507217,-22.9012083665459],[-46.8618541605082,-22.9010423491887],[-46.8619371961641,-22.9008723588722],[-46.8620161862942,-22.9007533377162],
          [-46.8621241730233,-22.9006152872102],[-46.862251172024,-22.9004863132764],[-46.8623301347382,-22.9004123454297],[-46.8624281898258,-22.9003062824358],[-46.8625661619476,-22.9001862985798],
          [-46.862773140175,-22.9000342661239],[-46.8629061598824,-22.8999283345335],[-46.8630192006701,-22.8998543278418],[-46.8631332056847,-22.8997803097655],[-46.863236149984,-22.8997203255255],
          [-46.8633202177002,-22.8996553260282],[-46.863423199034,-22.8995863125623],[-46.8635222276745,-22.8995162619664],[-46.8636202138953,-22.8994522727583],[-46.8637291925931,-22.8993692845799],
          [-46.8638821959084,-22.8993082611517],[-46.8640001761436,-22.8992252574614],[-46.8641232314656,-22.8991372283587],[-46.8642712054274,-22.8990082776676],[-46.8643352223394,-22.8989582297453],
          [-46.8644131815222,-22.8988933014121],[-46.8645122414476,-22.8987962541401],[-46.864590194377,-22.8987132684508],[-46.8646641846956,-22.8986402607871],[-46.8647282260643,-22.8985802808915],
          [-46.8648171895553,-22.8984972561334],[-46.8649352180065,-22.8984002567973],[-46.8650732512587,-22.8983672163727],[-46.8667882834712,-22.8987012649491],[-46.8669762912257,-22.8987372465765],
          [-46.867046315068,-22.8987502373963],[-46.8671803051655,-22.8988092447778],[-46.8672892673136,-22.8988952711079],[-46.8673642879157,-22.8989502766214],[-46.8674332724032,-22.898981246524],
          [-46.8674732814144,-22.8990502968731],[-46.8675682953925,-22.8991272777359],[-46.8676532876256,-22.8992002231853],[-46.8677723597153,-22.899273219285],[-46.8679163671936,-22.8993182943497],
          [-46.8680053658929,-22.8993492994835],[-46.8680893321699,-22.8993532777637],[-46.8681293464941,-22.8993582243574],[-46.8682083101344,-22.8993432109337],[-46.8682823799479,-22.899311281149],
          [-46.8683713289819,-22.8992742105516],[-46.8684843725838,-22.8992182574382],[-46.8685833638663,-22.8991632821374],[-46.8686773196462,-22.8991162209529],[-46.8688053865202,-22.8990422141373],
          [-46.868908358779,-22.8989962204695],[-46.869032370324,-22.8989722799685],[-46.8691903990442,-22.8989262702978],[-46.8693683897474,-22.8989292317377],[-46.8694873629272,-22.8989422773927],
          [-46.8696164017393,-22.8989742549492],[-46.8697354295703,-22.8990322624813],[-46.8698744101648,-22.8991092660749],[-46.8699694076815,-22.8991732443523],[-46.8700333981483,-22.8992092376373],
          [-46.8701433894298,-22.8993232386011],[-46.8702784400879,-22.8994652041031],[-46.8703234087913,-22.8995792482277],[-46.8703834134253,-22.8997112628751],[-46.870444408346,-22.8998392932227],
          [-46.870489428041,-22.8999862912637],[-46.8705254743969,-22.9001002598031],[-46.8709464687803,-22.9015912585276],[-46.8710704664497,-22.9017182755072],[-46.8711855018239,-22.9018423282223],
          [-46.871275499322,-22.9019283040815],[-46.8713345283029,-22.9019833153569],[-46.8713895436769,-22.9020562506203],[-46.871444503015,-22.9021192550091],[-46.8714895354839,-22.9021793066073],
          [-46.8715495102835,-22.9022563365436],[-46.8715795547902,-22.9023253225109],[-46.8716244979425,-22.9024022586836],[-46.8716645467869,-22.9024622786625],[-46.8717345147166,-22.9025762984835],
          [-46.8717745378952,-22.9026402913345],[-46.8718545578036,-22.9027312598654],[-46.8718995391367,-22.9027992571324],[-46.8719245151676,-22.9028503357485],[-46.871984551679,-22.9029142732231],
          [-46.8720695249577,-22.9030322691743],[-46.8721295687382,-22.9031142637865],[-46.8721895700881,-22.9031873205143],[-46.8722745744376,-22.903278320324],[-46.8723295800078,-22.9033563113502],
          [-46.8723645882127,-22.9034062784583],[-46.872404562269,-22.9034432760532],[-46.8724646136087,-22.9035433277089],[-46.872553600006,-22.9036433090364],[-46.8726186101726,-22.9037123339131],
          [-46.8727135619843,-22.9037843462974],[-46.8727825954006,-22.903830300623],[-46.872842581404,-22.9038612837782],[-46.8729216191726,-22.9038982719942],[-46.8730065976238,-22.9039113544977],
          [-46.8730855828073,-22.9039152984274],[-46.8731745843134,-22.9039053103613],[-46.8732985871867,-22.9038863321883],[-46.8733825746311,-22.9038682773752],[-46.8734706056343,-22.9038403336037],
          [-46.8735356108244,-22.9038213289113],[-46.8736686323943,-22.9037743455733],[-46.8737626528561,-22.903755269335],[-46.8738366371868,-22.9037462706584],[-46.873905625238,-22.9037363377498],
          [-46.8740196115961,-22.903731291026],[-46.8740886559187,-22.9037312888745],[-46.8741736708122,-22.9037353416865],[-46.8742676438914,-22.9037303503844],[-46.8743856239889,-22.9037293191523],
          [-46.8744806736669,-22.9037383094021],[-46.8745986856514,-22.9037512720179],[-46.8746886906163,-22.9037733229194],[-46.8748116744768,-22.9037912827199],[-46.8749166981478,-22.9038183025145],
          [-46.875044700662,-22.9038213056386],[-46.8767127172143,-22.9045693077492],[-46.8767577229734,-22.9046563535694],[-46.8768577726027,-22.9047422974341],[-46.8769427767699,-22.9048563174968],
          [-46.8769977171489,-22.9049293417361],[-46.8770667548916,-22.9050162839817],[-46.8771417422385,-22.9051033364393],[-46.8772367657042,-22.9051803108159],[-46.8773257837349,-22.9052123032934],
          [-46.8774047734026,-22.9052573252024],[-46.877523791267,-22.9053023252686],[-46.8776877850118,-22.9053563638079],[-46.8778017524743,-22.9054023262313],[-46.8779057878802,-22.9054333282194],
          [-46.8780098008027,-22.9054743521708],[-46.8780847792141,-22.9054732849077],[-46.8781988352018,-22.9055373032242],[-46.8782778028149,-22.9055923466985],[-46.8784077952798,-22.905710348075],
          [-46.8784428414339,-22.905815297509],[-46.8784678339575,-22.9059023086175],[-46.8784287945719,-22.90596235928],[-46.878439842901,-22.9061223059903],[-46.8784708513012,-22.906278314857],
          [-46.878530798528,-22.9064053606688],[-46.8786108026055,-22.906506347336],[-46.8786808588066,-22.9066203625645],[-46.8787648617938,-22.9066383288475],[-46.8788988250398,-22.9066653645924],
          [-46.8790918935513,-22.906659378397],[-46.8792248949661,-22.9066633119898],[-46.8794028621201,-22.9066813396635],[-46.8795958789689,-22.9067123707794],[-46.8797498593036,-22.906780339337],
          [-46.8813619285919,-22.9066163396307],[-46.8815539070981,-22.9065373219368],[-46.8817869113715,-22.9065362764561],[-46.8820289517615,-22.9065492984511],[-46.8822179419869,-22.9065623168667],
          [-46.882350984413,-22.9065982988927],[-46.882509993255,-22.9066113111927],[-46.8826089947538,-22.9066152838491],[-46.8826929580395,-22.9066012872424],[-46.882805960525,-22.9065772856913],
          [-46.8829000152056,-22.9065722882168],[-46.8830090204098,-22.9065672939815],[-46.8831619962564,-22.906539297032],[-46.883306010012,-22.9065432771817],[-46.8834839708628,-22.9065782740945],
          [-46.8837019870756,-22.9066732872772],[-46.8838520061233,-22.9067743433973],[-46.8839810382673,-22.9068283385018],[-46.8841140484123,-22.9068503250658],[-46.8842630539077,-22.9068723022927],
          [-46.8844110517239,-22.9068853530251],[-46.8845790110274,-22.9068713517959],[-46.8847530691167,-22.9068972746778],[-46.8849660990765,-22.9069513554094],[-46.8851191010603,-22.9069833061168],
          [-46.8852381011746,-22.9070093403279],[-46.8853470668328,-22.9070363061555],[-46.8854370993807,-22.9070542875395],[-46.8855160759107,-22.9070632812696],[-46.8856301175634,-22.9070853111873],
          [-46.8868451578964,-22.9083343389699],[-46.8869791202412,-22.9083843003178],[-46.8871471862528,-22.9084242859469],[-46.8872861466648,-22.9084462893017],[-46.8874491750157,-22.9084823618992],
          [-46.8875331387389,-22.9084683626909],[-46.8876571415859,-22.9084492828938],[-46.8877661846682,-22.9084353465697],[-46.8878892150302,-22.908398311279],[-46.888023152399,-22.9083652993599],
          [-46.8881511861451,-22.9083412958243],[-46.8882501807373,-22.9083272980869],[-46.889869225654,-22.9085903606318],[-46.8898692807914,-22.908594332548],[-46.889885231924,-22.9086953530126],
          [-46.8898912778529,-22.9088413633748],[-46.8898862983063,-22.9089053449412],[-46.8898622894411,-22.9090113552868],[-46.8897792641908,-22.9091392851634],[-46.8896952850499,-22.909204297196],
          [-46.8896172353011,-22.9093142912105],[-46.889509231924,-22.909397375342],[-46.8894252689377,-22.9094983207799],[-46.8893812873566,-22.9096363493138],[-46.8893882798602,-22.909856382753],
          [-46.8894282789782,-22.9100163445518],[-46.8895293030325,-22.9102353492909],[-46.8895892665409,-22.9103453260063],[-46.8900153079045,-22.9119273877055],[-46.8899623252827,-22.9121523783635],
          [-46.8898983142199,-22.9122893814422],[-46.8898542943543,-22.912349403698],[-46.88981033602,-22.91245438749],[-46.8897613217511,-22.9125194348855],[-46.8897033715335,-22.9126703600439],
          [-46.8896693501058,-22.9127673706761],[-46.8897093671414,-22.9128764109381],[-46.8897943440281,-22.9129583720395],[-46.8912394412127,-22.9138073649014],[-46.8913004478266,-22.9139863968444],
          [-46.8913414302812,-22.9142284158161],[-46.891287412146,-22.9143614180698],[-46.8912194305738,-22.9145134563467],[-46.8911074605285,-22.9147104391254],[-46.8910344322558,-22.9148984711353],
          [-46.8910054063724,-22.9151004246916],[-46.8910024705643,-22.9153114571769],[-46.8910184390505,-22.9154714336684],[-46.8910355043542,-22.9170235110096],[-46.8910304847589,-22.9170325090806],
          [-46.8910354799859,-22.9171374517383],[-46.891006456753,-22.917316472694],[-46.8909734570647,-22.9175275021183],[-46.8909694782253,-22.9177155241463],[-46.8909264898915,-22.91791349085],
          [-46.8908325189077,-22.9180465174883],[-46.8906504568131,-22.9182035258573],[-46.8904735091227,-22.9183005234784],[-46.8902664787643,-22.9183614940404],[-46.8900644727893,-22.9184774787515],
          [-46.8899064827729,-22.9186025094532],[-46.8897404231815,-22.918910554783],[-46.8896324617384,-22.9190434764965],[-46.889603436646,-22.9191125293932],[-46.8895044883378,-22.9191825049297],
          [-46.8893074914778,-22.9192425423235],[-46.8890904213903,-22.9192984846648],[-46.8889074272883,-22.9193365057999],[-46.8887294276559,-22.9193695015889],[-46.8885174503361,-22.9193985677244],
          [-46.8882414070578,-22.9194915054051],[-46.8880933849865,-22.9195935735839],[-46.8880094172858,-22.9196714957627],[-46.8878964246369,-22.9198185608199],[-46.8877494024002,-22.9199985333739],
          [-46.8875484419346,-22.9202655506559],[-46.8873464385077,-22.9203125538468],[-46.8871584327146,-22.9203545149367],[-46.8869664311346,-22.9204155735999],[-46.8868423885688,-22.9204615590529],
          [-46.8867394293637,-22.9205265246622],[-46.8866903753765,-22.9206006003337],[-46.8866563684603,-22.9207105211457],[-46.8866024331404,-22.9208615782594],[-46.8865494288582,-22.9210276117241],
          [-46.8864714240291,-22.9212806166205],[-46.8863644132192,-22.9216795971072],[-46.886292397919,-22.9219645821855],[-46.8862733803601,-22.9221526025203],[-46.8862104150804,-22.9224235760115],
          [-46.8861824385088,-22.9227075862502],[-46.8861784348418,-22.9229696430094],[-46.886185413516,-22.9233686229695],[-46.886206434697,-22.9235976085846],[-46.8862524658141,-22.9238446249451],
          [-46.8863724772762,-22.9241106248266],[-46.8864824593575,-22.92430261924],[-46.8865374947768,-22.924462673585],[-46.8865434850753,-22.9245815989254],[-46.8865434839835,-22.9246916572007],
          [-46.886519480919,-22.9247926110782],[-46.8864364509613,-22.9249036563064],[-46.8862484477909,-22.9249636737672],[-46.8859814418153,-22.9248686161757],[-46.8857284494945,-22.9247695996014],
          [-46.8854013967767,-22.9246515995946],[-46.8850463916619,-22.9246396555062],[-46.8844433719681,-22.9247486592258],[-46.8841123895992,-22.9248286095899],[-46.8837383538524,-22.9249866258124],
          [-46.8835213830181,-22.9251667029129],[-46.8833543407098,-22.9253646958217],[-46.8832753542327,-22.9254196240757],[-46.8831083580728,-22.9255396995541],[-46.8828613922111,-22.9256146779144],
          [-46.8825313498939,-22.9256756539564],[-46.8822843592379,-22.9257546946038],[-46.882003340351,-22.9258437087265],[-46.8817173048503,-22.9259827099323],[-46.8813523571724,-22.9261356473435],
          [-46.8810263147237,-22.9262476747415],[-46.8805733010501,-22.9264386714818],[-46.8802713239123,-22.9264947058114],[-46.8799012606656,-22.9265336695341],[-46.8796392413075,-22.9265027354196],
          [-46.8792682832452,-22.9264536794818],[-46.8786362293684,-22.9264987219859],[-46.8784682514139,-22.9265597574542],[-46.8782472525943,-22.9267806847579],[-46.8783952635537,-22.9268396953289],
          [-46.878465259432,-22.9269077549862],[-46.878505274655,-22.9270227570616],[-46.8785112253053,-22.9272557146862],[-46.8784482839535,-22.9274307116518],[-46.8782572623442,-22.9277617039076],
          [-46.8780172215513,-22.9281757072004],[-46.8778552325529,-22.9283737253633],[-46.8776442238248,-22.9287187672765],[-46.8774282262247,-22.9290227878581],[-46.8770452433945,-22.9295067372575],
          [-46.8767412841623,-22.9299207727197],[-46.8765352562584,-22.9302018319801],[-46.8764122562144,-22.9304408290439],[-46.8763002265893,-22.9307757606129],[-46.8762132762575,-22.9311337796436],
          [-46.8762142979753,-22.9313768174792],[-46.8762352629882,-22.9315328546365],[-46.8763102838066,-22.9317027886048],[-46.8764743105774,-22.9319258415051],[-46.8766732811254,-22.9321817964169],
          [-46.876847320703,-22.9323788183501],[-46.8770063326819,-22.9325238325558],[-46.8772693286763,-22.9326188618733],[-46.8774862992901,-22.9326178294143],[-46.8776743137704,-22.9325808443946],
          [-46.8779113699619,-22.9325148386444],[-46.8780393329537,-22.932454818758],[-46.8783153439057,-22.9323338186328],[-46.8785373432161,-22.9322138186876],[-46.8787343865134,-22.9321437712011],
          [-46.8790944079908,-22.9320227681456],[-46.8794053926897,-22.931942793231],[-46.8795983615841,-22.9319328330803],[-46.8798503576738,-22.9319358065247],[-46.8801274075759,-22.931994821063],
          [-46.8802954064636,-22.932062801774],[-46.8804144427902,-22.9321538437605],[-46.8805343926716,-22.9323458143834],[-46.8805704480409,-22.9325927702166],[-46.8805904209734,-22.9327348239487],
          [-46.8806654194966,-22.9328678288605],[-46.8807854466169,-22.9330188085471],[-46.8809094794872,-22.9331048251379],[-46.8811364647382,-22.9331768004155],[-46.8813884970552,-22.9331938554392],
          [-46.8816314796369,-22.9332018082352],[-46.88172949564,-22.9331738308932],[-46.8817744794358,-22.9331188550419],[-46.8818224461933,-22.9329947751771],[-46.8818515174996,-22.9328298393883],
          [-46.8818705102281,-22.9326918380139],[-46.8819334877665,-22.9324847880186],[-46.8820325061537,-22.9323608248454],[-46.882243471682,-22.9321757644343],[-46.8822385122183,-22.9321717604089],
          [-46.8826235033607,-22.9320137972623],[-46.8828945135124,-22.9318978144761],[-46.8832795396925,-22.9317947431286],[-46.8834875414057,-22.931784780406],[-46.8838825031561,-22.9317548114092],
          [-46.8844655304905,-22.9316918204847],[-46.8849295454743,-22.9315977384869],[-46.8853396061768,-22.9315957556587],[-46.8859626294811,-22.9316517319538],[-46.8862095799939,-22.9316967380962],
          [-46.8865016041321,-22.9317687450508],[-46.8867896133463,-22.9319048116925],[-46.8870226191619,-22.9320687982037],[-46.8872156782082,-22.9322507748943],[-46.8873256586494,-22.9323377660008],
          [-46.8873506670276,-22.9324887871614],[-46.8874066614771,-22.932740740132],[-46.887491635111,-22.9329837711858],[-46.8876266787067,-22.9333588359709],[-46.8876527211917,-22.9335148104403],
          [-46.8876936986761,-22.9338258080801],[-46.8877536998017,-22.9339087888784],[-46.8878826838171,-22.9340267921733],[-46.8879816880326,-22.9341047944752],[-46.8880956827245,-22.9341217658554],
          [-46.8883127231709,-22.9340388286292],[-46.8886426883739,-22.9338437665459],[-46.8890667552917,-22.9335937732428],[-46.8895107344808,-22.933376766804],[-46.8898807275442,-22.9332507454231],
          [-46.8902507913206,-22.9332397460636],[-46.8905667496672,-22.933228758575],[-46.8905667610191,-22.9332237927394],[-46.890853749807,-22.9331587980393],[-46.891223833886,-22.9330047840479],
          [-46.8914497952375,-22.9328988038775],[-46.8916078080311,-22.9327917375339],[-46.8917308172313,-22.9326997146405],[-46.8919327852553,-22.9326027775856],[-46.8920807887366,-22.9325737464717],
          [-46.8921948050978,-22.9326327876885],[-46.8922698168587,-22.9327197407753],[-46.8923438414816,-22.93278774566],[-46.8925128021639,-22.9328377347542],[-46.8928928382489,-22.9329137357348],
          [-46.8932498932401,-22.93298477346],[-46.8936058679317,-22.933116765865],[-46.893803869102,-22.933225724397],[-46.893977923575,-22.9333527547411],[-46.8940829054094,-22.9335307178573],
          [-46.8942079028098,-22.9338008038022],[-46.8943279404526,-22.9340437729529],[-46.8944729313696,-22.9343177730168],[-46.8946469381285,-22.9345277752585],[-46.8947899080653,-22.934627819332],
          [-46.8950129775367,-22.9346777913269],[-46.8952649428587,-22.9346667460993],[-46.8954629906718,-22.9346057849106],[-46.895639954653,-22.9345087807309],[-46.8958119701909,-22.9343797842318],
          [-46.8959749470717,-22.9342368110796],[-46.8961860036155,-22.933955758712],[-46.896637956675,-22.9335677276118],[-46.8969380068077,-22.9333327393575],[-46.897219031612,-22.9331516977956],
          [-46.8974219926443,-22.93313771416],[-46.8976100046384,-22.9332277370488],[-46.897839049185,-22.9334697605686],[-46.8979430620274,-22.9336067429569],[-46.8980770089099,-22.9336477551394],
          [-46.8981900186302,-22.9336517299253],[-46.8983190298758,-22.9335637834345],[-46.8985440347185,-22.9332457249873],[-46.8987060140349,-22.9329567700637],[-46.8989210043401,-22.9325837570604],
          [-46.8990920083893,-22.9321467164197],[-46.8992140636304,-22.9318716914218],[-46.8993060485258,-22.9315676836316],[-46.899384048599,-22.9312466890309],[-46.8994070587323,-22.9309946985537],
          [-46.8994009970082,-22.9307966854722],[-46.8993510337437,-22.9306326937058],[-46.8993250246891,-22.9303706363414],[-46.8993240311041,-22.9302016343944],[-46.899361970692,-22.9299306858762],
          [-46.8993999990007,-22.9297006354709],[-46.8994039665462,-22.9294896818087],[-46.8993779618241,-22.9292566961887],[-46.8994210191487,-22.9290356140938],[-46.8994790194057,-22.9288426123779],
          [-46.8994879716701,-22.9285856438744],[-46.8993929444456,-22.9284126212366],[-46.8992839609557,-22.9282706431043],[-46.8991139404675,-22.9280466038479],[-46.8989639651944,-22.9277035994452],
          [-46.898908926375,-22.9275156522608],[-46.8988679265243,-22.9272046588725],[-46.8988319513809,-22.9269656529371],[-46.8988469292915,-22.9269156362733],[-46.8989479317308,-22.9265206035403],
          [-46.8991589615498,-22.9261985587946],[-46.8992669281093,-22.9260605748641],[-46.8993509575384,-22.9260506309408],[-46.899394895169,-22.9260365622839],[-46.8994399590989,-22.9260916386055],
          [-46.899583956876,-22.9261275639447],[-46.8996819286564,-22.9261086050042],[-46.8997809452997,-22.9260896334963],[-46.8998499641355,-22.9260985580398],[-46.8998599790508,-22.9260846245091],
          [-46.8999149849743,-22.9261665769326],[-46.8999849672565,-22.9263365586555],[-46.9000649397156,-22.9264735569138],[-46.9001639654286,-22.9266105978358],[-46.9003129695408,-22.9267055993115],
          [-46.900486965108,-22.9268056281635],[-46.9007839677376,-22.9269235947959],[-46.9009770267644,-22.9270186096175],[-46.9011309955601,-22.9271006400156],[-46.9013340223386,-22.9272415803724],
          [-46.9014430534609,-22.9273466298521],[-46.9015180087929,-22.9274926255909],[-46.9015880396567,-22.9276716343613],[-46.9016280597001,-22.9277395908998],[-46.9018320785788,-22.9278766363786],
          [-46.9020000366622,-22.9279356560509],[-46.902218028835,-22.9279796301516],[-46.9023810938268,-22.9280336520938],[-46.9025640745025,-22.9280976372939],[-46.9028610567195,-22.9282195725473],
          [-46.9030741265163,-22.9282966487847],[-46.9034410845992,-22.9283865953259],[-46.9037521372225,-22.9284396531409],[-46.9041081609137,-22.9284146158787],[-46.9045321253849,-22.9283386542271],
          [-46.9047841600357,-22.9282875974563],[-46.904996190866,-22.9281756267573],[-46.905164169993,-22.9280696017827],[-46.9052571549609,-22.9279586085595],[-46.9053061797256,-22.9278485945421],
          [-46.9053301328145,-22.9277106223506],[-46.9053781690466,-22.9274956187568],[-46.9054011298329,-22.9271605663615],[-46.9053481649697,-22.9265645991271],[-46.9052621407594,-22.9261795733277],
          [-46.9052611041129,-22.9259735554117],[-46.9053251364058,-22.9258675143362],[-46.9054921137291,-22.925770529685],[-46.9063121185297,-22.9256465614502],[-46.906677124576,-22.9255345568172],
          [-46.9068551369916,-22.9254965748586],[-46.9071751829276,-22.9253944989724],[-46.9075851465494,-22.9252725624022],[-46.907822187541,-22.9252305293047],[-46.908034215191,-22.9252105552585],
          [-46.9082962237786,-22.9252005432712],[-46.9084842167891,-22.925226541787],[-46.9086081898608,-22.9252675750418],[-46.9087522362881,-22.9253355425114],[-46.9089552300221,-22.9254165240841],
          [-46.9090682325983,-22.9254204915594],[-46.9091822255807,-22.9254205647899],[-46.9092612550749,-22.9253695059275],[-46.9094282270811,-22.9252494947384],[-46.9096492717198,-22.9250415272898],
          [-46.9099152407289,-22.9248155036631],[-46.9100532730213,-22.9247185016465],[-46.9103442364523,-22.9246294997626],[-46.9105612364162,-22.924614518502],[-46.9107492985642,-22.9246454791848],
          [-46.9109472852584,-22.924690494851],[-46.9111303028526,-22.9246484754137],[-46.911775307109,-22.9242684626736],[-46.9119973084221,-22.9241575368157],[-46.9122143052174,-22.9241195307663],
          [-46.9125943052042,-22.9240855189092],[-46.9132273811127,-22.9241325105392],[-46.913558394415,-22.9241535286023],[-46.9138603640181,-22.9241614437967],[-46.9141363863071,-22.92411351429],
          [-46.9143544189853,-22.924103481104],[-46.9145273623447,-22.9241854499351],[-46.9145913612646,-22.9241804344919],[-46.9146853916911,-22.9241844463167],[-46.914858405706,-22.9241514815415],
          [-46.9150364276218,-22.9241544797312],[-46.9152744396228,-22.9242274466382],[-46.9154774400962,-22.9243544648245],[-46.9156464294882,-22.924509520365],[-46.9158694665238,-22.9247235110879],
          [-46.9159994476768,-22.9248885169916],[-46.9160694424223,-22.9250295090469],[-46.9160504801324,-22.9252185231052],[-46.9159574817242,-22.9253334947905],[-46.9158984856032,-22.9254254847813],
          [-46.9159184489714,-22.9254844704736],[-46.9159734454944,-22.9255765287941],[-46.9161225147408,-22.9257725425435],[-46.9162824902491,-22.9260465205999],[-46.9164915046096,-22.9263205382199],
          [-46.9167254971858,-22.9266955531011],[-46.9168955477913,-22.9269655264535],[-46.9170645795793,-22.927271535421],[-46.917259562577,-22.9275365122846],[-46.917522557757,-22.9278015698681],
          [-46.9181586267208,-22.928458556915],[-46.9184165766731,-22.9286905393718],[-46.9185605976215,-22.9287675261788],[-46.9187285973598,-22.9288175889786],[-46.9188976569753,-22.9288345043771],
          [-46.9191446404967,-22.9288474977725],[-46.9193816856509,-22.9288455334924],[-46.9195796523897,-22.9288315823519],[-46.9197366910577,-22.9287885128346],[-46.9199296430989,-22.9287325493884],
          [-46.9202996684563,-22.9286575597344],[-46.9205567032328,-22.9286195088958],[-46.9209026705949,-22.9285715332288],[-46.9211586739436,-22.9285515507944],[-46.9213216695551,-22.9285375694835],
          [-46.9214707457416,-22.9285455150925],[-46.9215937567905,-22.9285635269191],[-46.9217227563474,-22.9286355464573],[-46.9218027284166,-22.9287595314735],[-46.9218427595308,-22.9289015153566],
          [-46.9222217641917,-22.9295415547446],[-46.9222527784413,-22.9297565071632],[-46.9222497445535,-22.9299855049809],[-46.9222117654544,-22.9302845353558],[-46.9220998013812,-22.9305875316497],
          [-46.9221097669395,-22.9307295184606],[-46.9221047503164,-22.9307386076646],[-46.9221457431951,-22.9308575572357],[-46.9223248212017,-22.9310996068124],[-46.9225428347949,-22.9312865623629],
          [-46.9226817866048,-22.9313685721758],[-46.9228107827324,-22.9313775722284],[-46.9229877809343,-22.9313075333596],[-46.9231158511952,-22.9312055850011],[-46.9233568497345,-22.9310395200975],
          [-46.9236038193155,-22.9309375745836],[-46.9238708536978,-22.9309356009461],[-46.9241478531376,-22.9309845166146],[-46.9250629056605,-22.9310945785912],[-46.9254278618801,-22.9310645095274],
          [-46.9256358848186,-22.931022530827],[-46.9259169181543,-22.9309475244991],[-46.9262129007873,-22.9308495845947],[-46.9264639326548,-22.9307565235746],[-46.9268249658407,-22.9306255613066],
          [-46.9271849333171,-22.9305045424523],[-46.927459987685,-22.9303424819217],[-46.9276719254938,-22.9302365319233],[-46.9279139712085,-22.9300654821264],[-46.9280909907291,-22.9298895342627],
          [-46.9283219990398,-22.9296545163017],[-46.9284439773073,-22.9294294904413],[-46.9286790045324,-22.9291435029499],[-46.9289649553753,-22.9289905165682],[-46.9292759769788,-22.9288424613613],
          [-46.9296460244748,-22.9288034732209],[-46.9299969724745,-22.9288065180521],[-46.9303039743301,-22.9288454880562],[-46.9306700261641,-22.9289214777149],[-46.9309420681745,-22.9289384813819],
          [-46.9311690776364,-22.9289375244271],[-46.9315400931207,-22.9289214522324],[-46.9318860564959,-22.9289244632513],[-46.932162089164,-22.9289224565939],[-46.9324101044859,-22.9289854339776],
          [-46.9326621175239,-22.9291034354791],[-46.9329010917769,-22.9292995104269],[-46.9330751474246,-22.9295094670361],[-46.9332891039537,-22.9297834902719],[-46.933513161815,-22.9300385207335],
          [-46.9337221198482,-22.9302944571182],[-46.9340511803342,-22.930838469679],[-46.9342651733887,-22.9311034624951],[-46.9344091783542,-22.9312124851937],[-46.9345482108466,-22.931271460833],
          [-46.9347502044673,-22.9312975275574],[-46.9349182323151,-22.9312924991752],[-46.9350562296947,-22.9312504593567],[-46.9353432337243,-22.9311434935602],[-46.9357612490096,-22.9308934542109],
          [-46.9360562561971,-22.9306485261752],[-46.9363072658354,-22.930458485419],[-46.9366022839328,-22.9302144591673],[-46.9367802624447,-22.930061512877],[-46.9370012628186,-22.9299094857593],
          [-46.9379123118168,-22.9294904594402],[-46.9381032856776,-22.929324442497],[-46.9383832478034,-22.9291074113832],[-46.9387422909989,-22.9288944695028],[-46.939022304864,-22.9287093971606],
          [-46.9392783216691,-22.9285384310495],[-46.9394792728359,-22.9283394273936],[-46.9397183163977,-22.9280494033242],[-46.939923309346,-22.9277224177695],[-46.9400153057105,-22.9275103903691],
          [-46.9401163334162,-22.9272214210853],[-46.9402662698262,-22.9268163809136],[-46.9404203226898,-22.9263843857574],[-46.9405653355069,-22.9259893367767],[-46.9407583136965,-22.9255023340167],
          [-46.9409563149913,-22.9250463272251],[-46.9411312527076,-22.924692352049],[-46.9412962735495,-22.9243983561028],[-46.9413642889567,-22.924269321276],[-46.9414863236427,-22.924016298091],
          [-46.9415723041414,-22.9237773487523],[-46.9416052820543,-22.9235702859719],[-46.9416322582378,-22.9232862846358],[-46.9415563073335,-22.9230113068788],[-46.9414492227008,-22.922723347926],
          [-46.9412512730625,-22.9222192777078],[-46.9411552435738,-22.921917279551],[-46.9410932403852,-22.9216563053885],[-46.9410612100986,-22.9214452526544],[-46.9410902199566,-22.9213262650667],
          [-46.9411432034752,-22.9211973239183],[-46.9411871869992,-22.9211193225609],[-46.9412752326777,-22.9210082801435],[-46.941378221641,-22.9209022913612],[-46.9420912530434,-22.9204582203924],
          [-46.9423412241968,-22.9202592460138],[-46.9426552865523,-22.9200282487158],[-46.9429882844705,-22.919682268523],[-46.9431542180601,-22.9194472151014],[-46.9432562214322,-22.9191992211033],
          [-46.9433312285014,-22.9188452034233],[-46.9433602545862,-22.918671232582],[-46.9434572319396,-22.9184822552483],[-46.9436672086399,-22.918196193577],[-46.9438522239524,-22.9179522386724],[-46.9441612343273,-22.917638239693],
          [-46.9448642542922,-22.9170241858398],[-46.9450262486727,-22.9168851504984],[-46.9455532879397,-22.9165061817821],[-46.9465193043051,-22.9157851619405],[-46.9471063379557,-22.9154931181757],[-46.9473583004655,-22.9153951395606],
          [-46.9476943429747,-22.915269134234],[-46.947965306797,-22.91516216407],[-46.9482563097962,-22.9149221404909],[-46.9483442969788,-22.9148301451594],[-46.948615355602,-22.9145951507878],[-46.948832316628,-22.9144331371796],
          [-46.9490043837257,-22.9142851267023],[-46.9491763690577,-22.9140640777202],[-46.9493943174906,-22.9134940602382],[-46.949595304717,-22.913126124673],[-46.9497213326218,-22.91282808605],[-46.949808352504,-22.9125340474729],
          [-46.9500473735381,-22.9119820980364],[-46.9502423582408,-22.9115320775798],[-46.950369341985,-22.911256055978],[-46.9504073039328,-22.9110220263041],[-46.9504833186998,-22.9106220395551],[-46.9506142861279,-22.910209008841],
          [-46.9507452942935,-22.90988301081],[-46.9510062856219,-22.9095690483834],[-46.951423302807,-22.9090989639677],[-46.9515613045345,-22.9089470362177],[-46.9517673452875,-22.9087530125094],[-46.9523353594675,-22.9084659703076],
          [-46.9526663578707,-22.9084549483759],[-46.9534144114169,-22.9084870069313],[-46.9534193939591,-22.9084869456348],[-46.9537814300248,-22.9085439743349],[-46.9540194316569,-22.9085889861139],[-46.9541933886921,-22.9086519395861],
          [-46.9542284047638,-22.9087339373319],[-46.9543033950309,-22.9088849612477],[-46.9543694403276,-22.909067965235],[-46.9544554223238,-22.9093239435653],[-46.9545264554983,-22.9096359912211],[-46.9546144457234,-22.9100709765215],
          [-46.9546914966933,-22.9104549960381],[-46.9547625039928,-22.9106979770702],[-46.9548324408826,-22.9108719947827],[-46.9549274557088,-22.9110179866989],[-46.9549874858605,-22.9110730426257],[-46.9551224799551,-22.9111819773898],
          [-46.9553305171269,-22.9112949780625],[-46.9559445543025,-22.9112459746975],[-46.9564235494599,-22.9111239688255],[-46.9567945325936,-22.9110479829926],[-46.9572345199105,-22.9109579643413],[-46.9577145455694,-22.9108910147345],
          [-46.9581395645343,-22.9108110190632],[-46.9585946039152,-22.9107170191981],[-46.958901603278,-22.9106689930682],[-46.9591545731059,-22.9107539881428],[-46.9592885979197,-22.9108679870066],[-46.959378633383,-22.9110139471462],
          [-46.9595136030782,-22.9111879724099],[-46.9596186414689,-22.9112649514788],[-46.9597726720314,-22.9113559516078],[-46.960050635825,-22.9114740413741],[-46.9605166745534,-22.9116079552302],[-46.960819665073,-22.9116610015748],
          [-46.961126727868,-22.9117009962642],[-46.9615277068526,-22.9117209609102],[-46.9618947631143,-22.9117240093812],[-46.9621906916366,-22.9116439728696],[-46.962482704993,-22.9115600117662],[-46.962694767582,-22.9115169436018],
          [-46.9628527121467,-22.9114109849999],[-46.9629367475664,-22.9113189407928],[-46.9629507555449,-22.9112089834826],[-46.9629687516665,-22.9110300006537],[-46.9629927659401,-22.9108280115344],[-46.963019764593,-22.9105710031662],
          [-46.9630337323188,-22.9103969454145],[-46.9630877143991,-22.9102999460281],[-46.9632647048258,-22.9100879399461],[-46.9634657274288,-22.9098759073576],[-46.9636277271846,-22.9096778995973],[-46.9638047783317,-22.9094479259274],
          [-46.9639757075045,-22.9092449321387],[-46.9641227449795,-22.9090239062877],[-46.9642507352117,-22.9088309231056],[-46.9643337500922,-22.908673887163],[-46.9643577250886,-22.9085918844761],[-46.9643967535111,-22.9084669014268],
          [-46.9644907235435,-22.9078658988088],[-46.9645447284388,-22.9077149095163],[-46.9646667564873,-22.907548904163],[-46.964828700001,-22.907313880062],[-46.9650647478957,-22.9070508539034],[-46.965211734897,-22.9068488775524],
          [-46.9652907214441,-22.9067748610939],[-46.9659117573865,-22.9063718247478],[-46.966192747143,-22.9062378869869],[-46.9665037627625,-22.9060848883647],[-46.9667157531589,-22.9059818683985],[-46.9669087604367,-22.905916821548],
          [-46.9672247803502,-22.9058098941659],[-46.9675998284394,-22.9057108116774],[-46.968014794784,-22.9055708771883],[-46.9686168063769,-22.9053428543123],[-46.9688148039409,-22.905272868104],[-46.9690028151247,-22.9052348753202],
          [-46.9691118615323,-22.9052388498884],[-46.9692608652788,-22.9052658024173],[-46.9694688313882,-22.9053238031056],[-46.9696718956353,-22.9053818643104],[-46.9698458269701,-22.905431800045],[-46.9699499026924,-22.9054588577964],
          [-46.9701478913617,-22.905443852278],[-46.9702718459343,-22.9054338278138],[-46.9704298800567,-22.9054238318052],[-46.9706628707077,-22.9053948489196],[-46.9708798857134,-22.9053838496747],[-46.971132912138,-22.9054008422075],
          [-46.9713209148588,-22.905417828994],[-46.9720249305587,-22.9055238372327],[-46.9720349769828,-22.9055238027556],[-46.9722579314917,-22.905517783691],[-46.9724309235929,-22.9055028149322],[-46.972717948193,-22.9054698174275],
          [-46.972959967497,-22.9054538100172],[-46.9732179848295,-22.9054657716446],[-46.9735400039693,-22.9054737775658],[-46.9738270275413,-22.9055128236323],[-46.9740999792176,-22.9055348001209],[-46.9744660275418,-22.9055638343437],
          [-46.9747330654912,-22.9055438115654],[-46.9752250404684,-22.9050228112955],[-46.9755633018847,-22.9046324649483],[-46.9765050460631,-22.9041724034957],[-46.9770750737599,-22.903896446542],[-46.9776704827663,-22.9037578524215],
          [-46.9785636461965,-22.9035729334436],[-46.9791344919508,-22.9035030741148],[-46.9796059983868,-22.903433457973],[-46.9802228450722,-22.9037358877537],[-46.9818052008605,-22.9044339840954],[-46.982491181764,-22.904736625077],
          [-46.9826067972557,-22.9049268510478],[-46.9830743685181,-22.9056961765907],[-46.9831146665763,-22.9057203204062],[-46.9831145862158,-22.9057203214098],[-46.9835050828821,-22.905954421459],[-46.9835904833887,-22.9060676520565],
          [-46.983590401713,-22.9060675627945],[-46.9844240970903,-22.9071734862702],[-46.9845072228416,-22.9072794318387],[-46.9845071424803,-22.9072794328431],[-46.9849986159738,-22.9079061679578],[-46.9849986146578,-22.9079060776921],
          [-46.9850041845347,-22.9079132306376],[-46.985284902029,-22.9076460971376],[-46.9854462243425,-22.9076576224042],[-46.9858072501731,-22.9076835328858],[-46.9858338822336,-22.9077405289923],[-46.9860520879171,-22.908207808769],
          [-46.9860546041517,-22.9082094926571],[-46.9864353216601,-22.908466638696],[-46.986683369455,-22.909210619842],[-46.9868808010116,-22.9097355774459],[-46.9876486458096,-22.910341148995],[-46.9883229527423,-22.9110358225201],
          [-46.9893721695524,-22.9114182047178],[-46.9893796412425,-22.9114454665382],[-46.9893795608789,-22.9114454675452],[-46.9894673808659,-22.9117676668947],[-46.9894673795467,-22.9117675766292],[-46.9901240187712,-22.9141774585463],
          [-46.9902505240011,-22.9144679346439],[-46.9902504396761,-22.9144676648553],[-46.9910567278682,-22.9163190765261],[-46.9905984720282,-22.9174234639552],[-46.9908283183279,-22.9177555271531],[-46.9915255008689,-22.9187627230446],
          [-46.9915254191801,-22.9187626337877],[-46.9919554777821,-22.9193839736608],[-46.991901166271,-22.9221533270804],[-46.9919490815401,-22.922993790728],[-46.9920288107421,-22.9243928795575],
          [-46.9908250953295,-22.9264295743508],[-46.9919366575866,-22.9278218533973],[-46.9928111401762,-22.9292171008602],[-46.9938669530354,-22.9300388517984],[-46.9942988123071,-22.9308124642798],
          [-46.9947253923973,-22.9315765717573],[-46.9947253093742,-22.931576392238],[-46.9947926789494,-22.9316971545042],[-46.9962709629303,-22.9322058955829],[-46.9969454281574,-22.9329005198973],
          [-46.9976623893712,-22.9340795976972],[-46.9976623076686,-22.9340795084446],[-46.9978205634627,-22.9343397831626],[-46.9980045232678,-22.9344617839412],[-46.9980044415648,-22.9344616946888],
          [-46.9987309477652,-22.9349434933501],[-47.0002834279096,-22.9349239258089],[-47.0005047054221,-22.9349211355783],[-47.0005335607145,-22.9349207717007],[-47.0005736461291,-22.9349296554547],
          [-47.0005734049985,-22.9349296584956],[-47.0033420714084,-22.9355445634398],[-47.0050270138106,-22.9361882870407],[-47.0053460400795,-22.9363101965787],[-47.0057507476279,-22.9369159218983],
          [-47.005928318845,-22.9371818113769],[-47.009239289924,-22.9384106122927],[-47.0092388853636,-22.9384104368553],[-47.0093632935814,-22.9384566195542],[-47.0096916576122,-22.9388996210233],
          [-47.0096914928517,-22.938899352268],[-47.0097918136898,-22.9390345859249],[-47.0097905036091,-22.939032977468],[-47.0107379556455,-22.9403109932409],[-47.0107378725957,-22.940310813732],
          [-47.0110093152186,-22.9406769822029],[-47.0121134777877,-22.9415419525616],[-47.0128419180856,-22.9426752127622],[-47.013229286692,-22.9431977161342],[-47.0144140065137,-22.943094739264],
          [-47.0152704992118,-22.9432596345751],[-47.0159619782292,-22.9450965435966],[-47.0160073710249,-22.9451323496357],[-47.0160073696859,-22.9451322593721],[-47.0167301542986,-22.9457020387095],
          [-47.0182952385816,-22.9488461882602],[-47.0253926226894,-22.9423602369327],[-47.027329834687,-22.9385494942376],[-47.0288453526617,-22.9348826161175],[-47.0299384494715,-22.9341572247299],
          [-47.0315543668889,-22.9327522744091],[-47.0325643830169,-22.9320802025913],[-47.0333852837987,-22.9314544248596],[-47.0337763611161,-22.9306364402006],[-47.0343567829511,-22.9297939988332],
          [-47.0375004338654,-22.9306215216249],[-47.0398765084371,-22.9289632449525],[-47.0418024177056,-22.927458516967],[-47.0433814269825,-22.9262109282367],[-47.0476172347453,-22.9228353921003],
          [-47.0516980116256,-22.9195340718973],[-47.0531599862854,-22.918287908221],[-47.0541966232146,-22.9172638177657],[-47.0548262083153,-22.9150898663098],[-47.0566318996071,-22.9108071027777],
          [-47.0574637209727,-22.9110580450206],[-47.0578242319199,-22.9104216882257],[-47.058549887147,-22.9107371060394],[-47.0593130756671,-22.9109618444984],[-47.0601550350662,-22.911239724523],
          [-47.0608032162346,-22.9115922484044],[-47.0609966425344,-22.9114994583111],[-47.0620246549983,-22.9111973968435],[-47.0630245608254,-22.9109768551212],[-47.0626680356027,-22.9099437289004],
          [-47.0628589978171,-22.9096885565883],[-47.0657667182435,-22.9087302658704],[-47.0676478773655,-22.9081643767782],[-47.0692003344234,-22.9077651619137],[-47.0703437635699,-22.9073712661658],
          [-47.0707116117313,-22.907222023261],[-47.0719066753626,-22.9073909636319],[-47.0722283705116,-22.9070927275911],[-47.0722517294513,-22.9066577303867],[-47.0722496380802,-22.9060397090763],
          [-47.0722466089501,-22.9051699123824],[-47.07239330608,-22.9045057126504],[-47.0726638501532,-22.9037726387183],[-47.0729353580945,-22.9033142702333],[-47.0733554368004,-22.9027640440512],
          [-47.0738995978585,-22.9022134604843],[-47.0747417841269,-22.9016852532467],[-47.0753361144744,-22.9012947962672],[-47.0758070575745,-22.9010877713313],[-47.0761036531763,-22.9007208837702],
          [-47.0763252341341,-22.9001939192764],[-47.0763734150143,-22.8997589586048],[-47.0763964375291,-22.8992552636238],[-47.0763704701735,-22.898912002378],[-47.0761952349319,-22.8984774344806],
          [-47.0756966366081,-22.8978604863542],[-47.0751492920335,-22.8974724882031],[-47.0744291189142,-22.8973824985399],[-47.073733858027,-22.897292360857],[-47.0733363214631,-22.8971787435675],
          [-47.0723681191871,-22.8971350447809],[-47.0710780812358,-22.8973208729853],[-47.070234067626,-22.8972998268712],[-47.0697376546226,-22.8973007892007],[-47.0693395094296,-22.8970040838085],
          [-47.0690402434698,-22.8965926988913],[-47.0684163807481,-22.8956097406775],[-47.0667217085328,-22.8935759625704],[-47.0651757612815,-22.891473242408],[-47.0637546222106,-22.8895533232827],
          [-47.0634304544838,-22.8891191373889],[-47.0643214546421,-22.8883618563467],[-47.0650644084658,-22.887879680095],[-47.0660542651979,-22.8870077146947],[-47.066672286333,-22.8862739228679],
          [-47.0667948822833,-22.8858158765901],[-47.0669167644998,-22.8851518223606],[-47.0668639628287,-22.8842134246997],[-47.0666870117974,-22.8832752873296],[-47.0668074421428,-22.8821762865711],
          [-47.0672001246681,-22.8808707065996],[-47.0676681076887,-22.879793816684],[-47.0677110567682,-22.8778251703333],[-47.0680048562225,-22.8766342660757],[-47.068594134044,-22.8747560122212],
          [-47.0693340874337,-22.8734039289958],[-47.0706136848861,-22.8701735979225],[-47.0713755271325,-22.8679744934767],[-47.0717408633974,-22.8659364652286],[-47.0717604819335,-22.8644028170436],
          [-47.0720763677726,-22.8624106622735],[-47.072812741569,-22.8600513684518],[-47.0730823639175,-22.8590665189278],[-47.0740445598018,-22.8574163093286],[-47.0755215082706,-22.8539338438414],
          [-47.077815433299,-22.8499231293742],[-47.0787025603987,-22.8481357505908],[-47.0795384047233,-22.8458678505807],[-47.0768823247396,-22.8455301405108],[-47.0744997068555,-22.8453291142053],
          [-47.0723403954397,-22.8451047404007],[-47.0706278213175,-22.8449481017669],[-47.0690387852775,-22.8446309461226],[-47.0678972489787,-22.8445646240515],[-47.0661845512086,-22.8443620763198],
          [-47.0632802116798,-22.8439560373049],[-47.0602272574775,-22.8436187657142],[-47.0576208648237,-22.8432577854165],[-47.0550648401077,-22.8431255127971],[-47.0533526265774,-22.8430602245944],
          [-47.0514173147442,-22.8430640597464],[-47.0494837137429,-22.8435942738688],[-47.047004451014,-22.8441942306137],[-47.0449958725231,-22.8445643864272],[-47.043457890161,-22.8446817379494],
          [-47.0416706941584,-22.8444333859388],[-47.0399322799331,-22.8439330466051],[-47.0388395260398,-22.843614637791],[-47.0380703247791,-22.843616095252],[-47.0374737609982,-22.8432509653324],
          [-47.0370997846145,-22.8426793101855],[-47.036774015106,-22.8416498547612],[-47.0361988813575,-22.8402316796821],[-47.0354247813177,-22.8386306995449],[-47.0344018829132,-22.8368013238237],
          [-47.0334537364097,-22.8350862734728],[-47.0331280955622,-22.834056715067],[-47.0330504352229,-22.833026787398],[-47.0328743253713,-22.8322258959324],[-47.0328963896084,-22.8313330952535],
          [-47.0331165253711,-22.8303255456765],[-47.0337335102377,-22.8292713976306],[-47.0344740513325,-22.828056774146],[-47.0360555140191,-22.8260165200299],[-47.0372668969867,-22.8246408516242],
          [-47.0375113514157,-22.8234729184356],[-47.037731203714,-22.8223737327858],[-47.0373549717304,-22.8210696524917],[-47.0369292894501,-22.8197885025965],[-47.0364775811751,-22.818118301355],
          [-47.0359249200367,-22.8158760128407],[-47.0351485808975,-22.8135196645624],[-47.0344727501426,-22.8115522222345],[-47.0338448143877,-22.8090124126416],[-47.033318403363,-22.8072278604023],
          [-47.033238898647,-22.8055798864203],[-47.0330850098149,-22.8039091170776],[-47.0328065140378,-22.802078332969],[-47.0323691406166,-22.7969514119413],[-47.0323615916411,-22.7944792402284],
          [-47.0320824486455,-22.7923965740311],[-47.0313319007396,-22.790269085262],[-47.0304338064302,-22.7885767317476],[-47.0292634602816,-22.7870221760495],[-47.0278184553962,-22.7848729865787],
          [-47.0265218665199,-22.7825862010674],[-47.0246044784269,-22.7800028537788],[-47.023533654227,-22.7785167707044],[-47.0231088161044,-22.7774415750627],[-47.0227825997125,-22.7761602770588],
          [-47.022480244127,-22.7745583544877],[-47.022122533646,-22.7710108305063],[-47.0215649490194,-22.7669370531899],[-47.0212283061901,-22.7621076079709],[-47.0210704547891,-22.7590403712184],
          [-47.0203896812815,-22.7552186729936],[-47.0198837714239,-22.7518087002871],[-47.0194252191999,-22.7476431822138],[-47.0187432187578,-22.7433636588371],[-47.0171673245922,-22.7385819839949]]]
        }
      },
      {
        "type": "Feature",
        "properties": {
          "region": "Noroeste",
          "fillColor": "rgba(229, 142, 102, 0.6)"
        },
        "geometry": {
          "type": "Polygon",
          "coordinates": [[[-47.2186123506442,-22.911059116949], 
          [-47.2184982691678,-22.9111554975732],[-47.218413320263,-22.9111852108637],[-47.2181268795582,-22.911362627267],[-47.2173595773129,-22.9118455632423],[-47.2168642809231,-22.9120988350717],
          [-47.2159480516613,-22.9125823098093],[-47.2182033823703,-22.9112584668859],[-47.2181017310117,-22.9112940103073],[-47.2174329499287,-22.9115935801733],[-47.2171851449714,-22.9116858697634],
          [-47.2164927034982,-22.9122601955706],[-47.2160716927233,-22.9124904013024],[-47.215700608322,-22.9127661288135],[-47.2152785517923,-22.9127445763393],[-47.215054817907,-22.9126765634548],
          [-47.2148308521438,-22.9125399461218],[-47.2144077233863,-22.912289384006],[-47.2137605825058,-22.9118793632667],[-47.2131879142973,-22.911491952879],[-47.212393031005,-22.9113570613575],
          [-47.2119206875429,-22.9111982633292],[-47.2113987592148,-22.9110396129036],[-47.2108036278002,-22.9111787075455],[-47.2101599420172,-22.9115697059014],[-47.209491450275,-22.9119379372181],
          [-47.2090455429952,-22.9121452713178],[-47.2086983967397,-22.9122378471499],[-47.2082014816537,-22.9121249677649],[-47.2077045657933,-22.9120119965044],[-47.2064117589115,-22.9115580221665],
          [-47.2052190408857,-22.9112640549797],[-47.204473828159,-22.9111288845066],[-47.2028110308455,-22.9112024287498],[-47.2016689557046,-22.9111371161391],[-47.2005022738912,-22.9111405635858],
          [-47.1998317902263,-22.9110738456602],[-47.1990370442749,-22.9109617234042],[-47.1980689008431,-22.9109417299197],[-47.1972992127619,-22.9108981306065],[-47.1962312073514,-22.9107410282347],
          [-47.19548574681,-22.9105600493916],[-47.1949384440537,-22.9102870466456],[-47.194614990667,-22.9101048322733],[-47.1938928071725,-22.9095575540013],[-47.1928979774918,-22.9091026870208],
          [-47.1922011630456,-22.9086927173915],[-47.1914300607328,-22.9083057966291],[-47.1904604275343,-22.9079423739651],[-47.1896411701981,-22.9078988784217],[-47.1887224570286,-22.9078329173518],
          [-47.1880527172466,-22.9079263742657],[-47.1871343006402,-22.90792891787],[-47.1863649291148,-22.9079540486024],[-47.1855714459252,-22.9081393829962],[-47.1849023435135,-22.9083930546561],
          [-47.184035891831,-22.9089449059376],[-47.183219863418,-22.9096795869597],[-47.1827752767082,-22.9102073045591],[-47.182181846455,-22.9107354421721],[-47.1823306420159,-22.9107121823791],
          [-47.1819349503792,-22.9110566010471],[-47.1815378991888,-22.9110805639084],[-47.1810413443614,-22.9110591307726],[-47.1805942847772,-22.9109916985281],[-47.1801718084155,-22.9108784291378],
          [-47.1796000716731,-22.9106740447621],[-47.1787550787431,-22.9104246604012],[-47.1783571872579,-22.9102654599847],[-47.178132247664,-22.9098998655729],[-47.1775840482777,-22.909397876788],
          [-47.1772845236547,-22.9089867222697],[-47.176861886487,-22.908827676504],[-47.1764395431431,-22.9087372341354],[-47.1759924134737,-22.9086698794953],[-47.1754702757378,-22.9084652507677],
          [-47.1751710965,-22.9081456253455],[-47.1748466251319,-22.9077116970031],[-47.1745219058111,-22.9072319117481],[-47.1739240198819,-22.9067071176983],[-47.1733511391784,-22.9062280188791],
          [-47.1725060582887,-22.9059556700297],[-47.1716844358275,-22.9053398613705],[-47.1698934253494,-22.9044063504191],[-47.1674547607628,-22.9029022744694],[-47.1673008484797,-22.9016895452475],
          [-47.1672448667483,-22.9001561765999],[-47.1667694667774,-22.8992190189495],[-47.1662694493125,-22.8983505333304],[-47.1656951483933,-22.8975051759469],[-47.1647982532583,-22.8966836222135],
          [-47.1638757559389,-22.8956560424428],[-47.163077512011,-22.8946739782446],[-47.1626762869635,-22.8936679077005],[-47.1623235438417,-22.8923641701646],[-47.1620475881029,-22.8916552932691],
          [-47.1617462740052,-22.8907863415398],[-47.1612724580709,-22.8902382270552],[-47.160673395222,-22.8893929126519],[-47.1599764452395,-22.8888912505271],[-47.1593539077387,-22.888389295844],
          [-47.1589310282393,-22.8881386605544],[-47.1585815851038,-22.8876589002636],[-47.1584061135463,-22.8872244411929],[-47.1583042804596,-22.8865837854022],[-47.1584005980029,-22.8858510651262],
          [-47.158173041102,-22.8848216753429],[-47.1563360031885,-22.8846891752315],[-47.1545980421832,-22.8845106237529],[-47.1536303492726,-22.8845589498374],[-47.152142887455,-22.8849520323153],
          [-47.150282016435,-22.8850712930546],[-47.148868665081,-22.885395455351],[-47.1502661760741,-22.8873374302789],[-47.1513883158617,-22.8886621123757],[-47.1523625000459,-22.8902389434695],
          [-47.1524888179208,-22.8907879136753],[-47.1522677130422,-22.8913607294037],[-47.1518728733529,-22.8919340025908],[-47.1527943349112,-22.8927098951822],[-47.1542370512384,-22.893507240671],
          [-47.1549338873513,-22.8939860894527],[-47.155458121913,-22.8947399993867],[-47.1569475394901,-22.8948047306463],[-47.158658567457,-22.8944110872937],[-47.1603195565858,-22.893948865446],
          [-47.1610378577249,-22.8935807020468],[-47.1614830986334,-22.8932132722961],[-47.1616360861438,-22.8942200166017],[-47.1617396586216,-22.8952726609269],[-47.1615692712764,-22.8960971164072],
          [-47.1611279411967,-22.8974259251017],[-47.1608580590673,-22.8982048809707],[-47.1607606898038,-22.8986629081929],[-47.1603150234037,-22.8989388036066],[-47.1582828373658,-22.8996995590059],
          [-47.1565960083713,-22.8999558356388],[-47.1548606775966,-22.9004639894752],[-47.1530754664196,-22.9009493297158],[-47.1525033618831,-22.9006303777085],[-47.1519050620638,-22.899991029174],
          [-47.1516796072235,-22.8994651590097],[-47.151302717137,-22.8983216876817],[-47.1509778220526,-22.8977732399313],[-47.1507289451812,-22.8975907326173],[-47.150107397392,-22.8973405982826],
          [-47.1496603908792,-22.8972730741406],[-47.1490136944664,-22.8969313749389],[-47.1481689894134,-22.896727584138],[-47.1470250384774,-22.896158334936],[-47.1464291687874,-22.8961141185806],
          [-47.145833259591,-22.8960469704163],[-47.1447658740759,-22.8960268111402],[-47.1440704824344,-22.8959141463119],[-47.143101988192,-22.8957792541656],[-47.1422571393599,-22.8955296628172],
          [-47.1407656244123,-22.8949383315465],[-47.1387267070786,-22.8940050779517],[-47.1370106546234,-22.8930938139042],[-47.1360157161698,-22.8925469404502],[-47.1336114266031,-22.8933770235905],
          [-47.1322723137124,-22.8936779306043],[-47.1312295008999,-22.893588919445],[-47.129217761622,-22.8932277077553],[-47.1271578984981,-22.8932785954589],[-47.1260661954238,-22.8933728344456],
          [-47.1253222322542,-22.893534815874],[-47.1247278617602,-22.8938796799689],[-47.1244567027779,-22.8943838915095],[-47.1235680112856,-22.8956450252453],[-47.1231986650044,-22.8964241767579],
          [-47.1219112375907,-22.8972971152899],[-47.1201273231895,-22.8981254854588],[-47.1174975635762,-22.8984751827106],[-47.116033301012,-22.8985015587947],[-47.1151151738258,-22.8985724684308],
          [-47.1128052153228,-22.8981429804384],[-47.1120852560571,-22.8980989313191],[-47.1114897855882,-22.898169049745],[-47.1109204481563,-22.8985824140883],[-47.110276722779,-22.8990187926495],
          [-47.1098325000903,-22.8997065591443],[-47.1094395629169,-22.9008519815334],[-47.1090217869473,-22.9019974622473],[-47.1085788473449,-22.9030286240282],[-47.1079118809716,-22.9039228288779],
          [-47.1068494784391,-22.9052529919855],[-47.1054407838374,-22.9069501148726],[-47.1039322526507,-22.9084873144578],[-47.1027462936706,-22.9100236601208],[-47.1013876836445,-22.9118580329726],
          [-47.1001006676167,-22.9128910477078],[-47.0963427591159,-22.9171572283565],[-47.0933957882976,-22.920303213787],[-47.0923191198722,-22.9212402314646],[-47.0905837827006,-22.9225374628188],
          [-47.0877622442462,-22.9241565479154],[-47.0895972578373,-22.9262581694494],[-47.0931687463165,-22.9271340069154],[-47.0932344968423,-22.9283195695447],[-47.0940297246437,-22.9291330409869],
          [-47.0963132502717,-22.9310803270488],[-47.097000547603,-22.9325763513556],[-47.0969402611877,-22.9348182878105],[-47.0981308126295,-22.9351101209867],[-47.1026975726142,-22.9389606446497],
          [-47.1047522679819,-22.9399001702724],[-47.1074045039798,-22.9394008376082],[-47.1105142182961,-22.9398025677479],[-47.1115897459298,-22.9399358550464],[-47.1138580588627,-22.9402207054496],
          [-47.1147681315067,-22.9403995086825],[-47.1177720783084,-22.940934939507],[-47.1193636036156,-22.9401938146444],[-47.1197730261883,-22.9389611238217],[-47.1195506343115,-22.9371953974423],
          [-47.1194987155837,-22.9363659077818],[-47.1205699821672,-22.9350882600585],[-47.1214113736385,-22.9340663643886],[-47.1218230957001,-22.932977991123],[-47.1217915674541,-22.9309571212393],
          [-47.1231602458187,-22.9312636255644],[-47.1248852165561,-22.9319263613537],[-47.1277954623803,-22.9336198473146],[-47.1279869442907,-22.9357004033799],[-47.1285161611543,-22.9369139276752],
          [-47.1290601032431,-22.9390722627414],[-47.1291654036493,-22.9403702841736],[-47.1298332282762,-22.9422906984658],[-47.130800396442,-22.9443252577863],[-47.1319678408539,-22.9455695487205],
          [-47.1328661948165,-22.9476210856176],[-47.1340474393994,-22.9503297174073],[-47.1355279437135,-22.9539570142375],[-47.1383950647502,-22.9552366602395],[-47.1392468851301,-22.9550933647826],
          [-47.1427068893824,-22.95785898468],[-47.1439414278668,-22.9578941995476],[-47.1451627720484,-22.958692499965],[-47.146382358246,-22.9591700658298],[-47.1466987862016,-22.9579319886811],
          [-47.1472412476981,-22.9571742732525],[-47.1476353772276,-22.9565545205305],[-47.1482296934762,-22.9562091087864],[-47.1490739237725,-22.9561608330368],[-47.1502910270711,-22.956157236739],
          [-47.1512320687433,-22.9556274630647],[-47.1533168892605,-22.9553234564841],[-47.1543586233255,-22.9550454284472],[-47.1556984947656,-22.954789338961],[-47.1579856232937,-22.955172040042],
          [-47.1590052050654,-22.9553980168449],[-47.1593015057426,-22.955076394379],[-47.160195113825,-22.9549591396533],[-47.1612633140921,-22.9550017232851],[-47.1621590179419,-22.9552739640917],
          [-47.1627575305549,-22.955730352506],[-47.1634547533908,-22.956048986293],[-47.164299218235,-22.956046485951],[-47.1649204320198,-22.9560903620999],[-47.165148143981,-22.9568686680042],
          [-47.1658196662071,-22.9570269531173],[-47.1667951003031,-22.95828414423],[-47.1670708513146,-22.9587414959777],[-47.1669980654063,-22.9590625138646],[-47.1668267780565,-22.9595441224319],
          [-47.1668039243582,-22.9599107683793],[-47.1671030748824,-22.9601161148977],[-47.167476006323,-22.9601836861358],[-47.1678480218014,-22.9600679217924],[-47.1690629477187,-22.9596747653303],
          [-47.1699068871812,-22.9595575925083],[-47.1705033191943,-22.9596244437055],[-47.1709999634294,-22.9596000381542],[-47.1714485476013,-22.9598735624632],[-47.1716253227074,-22.9603999666652],
          [-47.1719249812156,-22.9606969248541],[-47.1744437315881,-22.9625219433053],[-47.1749726903695,-22.9638720449297],[-47.1750004265355,-22.964398954765],[-47.175324314404,-22.9645811956562],
          [-47.1757704059487,-22.9643965094899],[-47.1765414742923,-22.9645773918928],[-47.176987438941,-22.9643698648377],[-47.1773337760998,-22.9641167630591],[-47.1778565375773,-22.9643212718708],
          [-47.1785040237589,-22.9646171366211],[-47.1790496088579,-22.9644549962419],[-47.1795442423045,-22.9640639885168],[-47.1802889952003,-22.9639928991429],[-47.1811604985692,-22.9643796454733],
          [-47.183054739679,-22.9655421048562],[-47.1858684455097,-22.9667703961141],[-47.1866672376712,-22.9674780421372],[-47.1867695511164,-22.9680046397544],[-47.1872195990708,-22.9685301386089],
          [-47.1881425022927,-22.9692145775224],[-47.1888161555454,-22.9697393299925],[-47.189587443239,-22.9699660014818],[-47.1905067685374,-22.9700088119422],[-47.1911755494625,-22.9696630253925],
          [-47.1921203614951,-22.9698203919235],[-47.1930409740042,-22.9700922832238],[-47.1944820739965,-22.970156373614],[-47.195672535273,-22.9698317781594],[-47.1961678602624,-22.9695551771199],
          [-47.196834211725,-22.9687970340756],[-47.1972047935098,-22.9684291784334],[-47.1978263726542,-22.9685417039791],[-47.199170808683,-22.9690872551817],[-47.2000923374321,-22.9695195070941],
          [-47.2014860369073,-22.9699731776927],[-47.2025794474121,-22.9700611627223],[-47.2037194912149,-22.9695991818137],[-47.2044367424436,-22.9690470259877],[-47.2051553460161,-22.9687467995231],
          [-47.2059014906174,-22.9689046814194],[-47.207470255704,-22.9695867782694],[-47.2078922558548,-22.9695395532736],[-47.2095320937387,-22.9696028130693],[-47.2100028576696,-22.9693950298634],
          [-47.2106261102733,-22.9697824506688],[-47.2112173969814,-22.9689327701683],[-47.2118617963825,-22.9686785957175],[-47.2125058494159,-22.9683786555245],[-47.2132227887713,-22.9677805181862],
          [-47.2133685428632,-22.9672073289859],[-47.21351376568,-22.966542430397],[-47.2134351360533,-22.9658324533424],[-47.2135816802686,-22.9653966475277],[-47.2140513648241,-22.9650056157053],
          [-47.2147197878265,-22.9646138814341],[-47.2155880598718,-22.9644276086986],[-47.21553506006,-22.9638550303383],[-47.2160053967327,-22.9635785397619],[-47.2166021999004,-22.9636910676234],
          [-47.2171506484232,-22.9640329292752],[-47.2181234698371,-22.9647397776319],[-47.2183710188178,-22.9646015359642],[-47.2187919313216,-22.9643709555627],[-47.2192901694491,-22.9646213444235],
          [-47.2196359661483,-22.9642764460731],[-47.2201314046514,-22.9640457211229],[-47.2206043997672,-22.9642274012844],[-47.2210546897454,-22.9647757221993],[-47.2215733647255,-22.9642698790089],
          [-47.2219440519906,-22.9639479172655],[-47.2223644210816,-22.9636257093858],[-47.2218915601883,-22.9634669617088],[-47.2215917944867,-22.9631701071355],[-47.2217395132828,-22.9629405506614],
          [-47.2219358985378,-22.962550349683],[-47.2215857840509,-22.9621391942548],[-47.2218316673008,-22.9617030732401],[-47.222102845016,-22.9613584942097],[-47.2221004388422,-22.9609460749616],
          [-47.2224709288268,-22.9605782571031],[-47.2230150942119,-22.9601868788799],[-47.2236341843197,-22.9598640474872],[-47.2240274196903,-22.9591525126531],[-47.2246967201241,-22.9589210503514],
          [-47.225266841633,-22.9587358430121],[-47.2261589054842,-22.9583662002868],[-47.2257350720957,-22.9580927610633],[-47.2255842797442,-22.9577954465262],[-47.2258063746038,-22.9575426356723],
          [-47.2260287918386,-22.957358607226],[-47.2261013022976,-22.9570147361275],[-47.2263736142337,-22.9568533869435],[-47.2268451118535,-22.9567830315852],[-47.2271950926687,-22.9571713385671],
          [-47.2273167435884,-22.9567356020219],[-47.2275135091282,-22.9564141772821],[-47.2279854073709,-22.9564125098993],[-47.2285082005776,-22.9566169383015],[-47.2290291079516,-22.9565005654322],
          [-47.2293011463422,-22.9562934475411],[-47.2293230221185,-22.9557893330233],[-47.229245535758,-22.9552856229065],[-47.2292921177053,-22.9547585026618],[-47.2292647174039,-22.9543233265456],
          [-47.228965228797,-22.9540723395821],[-47.2286419769261,-22.954004667078],[-47.2277984202027,-22.954168000668],[-47.2272026742603,-22.9542158208805],[-47.2266307490324,-22.9541032521632],
          [-47.2260824579736,-22.9537844391112],[-47.2251350580733,-22.9531690862832],[-47.2243120015738,-22.9525761754725],[-47.2235398375455,-22.9521893593959],[-47.2224448881434,-22.9518265634551],
          [-47.2209022335289,-22.9513506922396],[-47.2196825102269,-22.950873714567],[-47.2193572740783,-22.9504623835351],[-47.2184120523746,-22.9502136424131],[-47.2170442859101,-22.9499203425581],
          [-47.2162744074601,-22.9499229820827],[-47.2156291765837,-22.9500167662989],[-47.214836044046,-22.9502944229478],[-47.213967857619,-22.9504805946383],[-47.2131759560259,-22.950987247559],
          [-47.2125311133103,-22.9511498018579],[-47.2119600796892,-22.9511746511407],[-47.2112622608855,-22.9507645279397],[-47.2106145221263,-22.9504230324783],[-47.2099407126132,-22.9498525146793],
          [-47.2096144567465,-22.9492579221613],[-47.2094873684025,-22.9487543466989],[-47.2092125029424,-22.9484573881831],[-47.2089617436911,-22.9480458982454],[-47.2083389436224,-22.9477043155399],
          [-47.2077411670345,-22.9474084208709],[-47.2069190005396,-22.9469528852132],[-47.2067422456427,-22.9464494562733],[-47.2065165472747,-22.9460607227312],[-47.2059922554048,-22.9455813565896],
          [-47.2055677159973,-22.9451703819646],[-47.2054901938556,-22.944643634484],[-47.2054136687058,-22.9442773782919],[-47.2053115704364,-22.9437965602259],[-47.2050365951317,-22.9434767555414],
          [-47.2049109643924,-22.943225106211],[-47.2049082249253,-22.9427439894324],[-47.2049063991982,-22.9424232749816],[-47.204655353482,-22.941942992375],[-47.2043295824104,-22.9414400061074],
          [-47.2038554646744,-22.9410291730206],[-47.2036060369224,-22.9408466765371],[-47.2034309952563,-22.9406410292447],[-47.2034289944446,-22.9402745484764],[-47.2034771091664,-22.9399994499282],
          [-47.2037204645485,-22.9391280030866],[-47.2037187729005,-22.9388302158057],[-47.2036180681793,-22.9385784893753],[-47.2033172784621,-22.9380983531767],[-47.2024654088211,-22.9367723372089],
          [-47.2021146432264,-22.9362236525447],[-47.2024106169768,-22.9358561035693],[-47.2026314762948,-22.9353971575111],[-47.2030745211657,-22.934685430071],[-47.2034190439876,-22.9341344924841],
          [-47.2035401085601,-22.9335842211298],[-47.2034367279654,-22.9328743049961],[-47.2033329094516,-22.9320727675248],[-47.2031802486774,-22.9314317818887],[-47.2028789093669,-22.9308370943635],
          [-47.2024539096327,-22.9303344862886],[-47.202747841318,-22.9296232054088],[-47.203067987539,-22.9291410345237],[-47.2032647307414,-22.9287967990581],[-47.2032123292457,-22.9283158291047],
          [-47.2030554633495,-22.9273155236096],[-47.2031029280937,-22.9268117720627],[-47.203497369666,-22.9261926176601],[-47.2035701575788,-22.9258033418668],[-47.2040896188233,-22.9253898074826],
          [-47.2046107510781,-22.9253424865125],[-47.2053312859938,-22.9254776330273],[-47.2061769002193,-22.9258413237421],[-47.207495713054,-22.9265469710764],[-47.2355235993114,-22.921379624981],
          [-47.2363173907218,-22.9212626422628],[-47.2368123531883,-22.9209407081641],[-47.2374546375894,-22.9202519976504],[-47.2378720513161,-22.9192664828441],[-47.2381415661691,-22.9185102670305],
          [-47.2384864223881,-22.9179369621539],[-47.2389326758718,-22.9178210776379],[-47.2396020280565,-22.9176358747552],[-47.2398738148352,-22.9173603215067],[-47.2401451388992,-22.9169932388809],
          [-47.2405655196027,-22.9166486056736],[-47.2411344361356,-22.9162118733701],[-47.2416538745247,-22.9158211543961],[-47.2420249070508,-22.9155452794995],[-47.2420977715407,-22.9152017596778],
          [-47.2423672015744,-22.9144227008717],[-47.2427128763308,-22.9140324476575],[-47.2437018653577,-22.9132053048861],[-47.2444933817575,-22.9126077110506],[-47.2451364946134,-22.9121249617883],
          [-47.2453335689206,-22.9118038769962],[-47.2453320613169,-22.9114834343911],[-47.2452787244067,-22.9107054162385],[-47.2453740537017,-22.9098582235875],[-47.2454450713795,-22.9091255682475],
          [-47.2457158451748,-22.9086441115448],[-47.2458633851594,-22.9083460241206],[-47.2457388402224,-22.908254896467],[-47.2453911596543,-22.9082102550052],[-47.2444982621648,-22.908350434484],
          [-47.2434564497955,-22.9084910885301],[-47.2420419863959,-22.9085643301786],[-47.240749124739,-22.908110641971],[-47.2398782010131,-22.9076327556097],[-47.2391071809337,-22.9072918418768],
          [-47.238538102046,-22.9076827997677],[-47.2380178976876,-22.9079132856333],[-47.2373727190771,-22.9079382668307],[-47.2367030847158,-22.9080547646092],[-47.2360574464089,-22.9079882112122],
          [-47.2354871939572,-22.9081273165562],[-47.2351905271319,-22.9083800123072],[-47.234894102666,-22.9087014011549],[-47.2344746983001,-22.9092520059563],[-47.2343032683535,-22.9097561506013],
          [-47.2338823782531,-22.9099863093115],[-47.2334361442055,-22.910102178031],[-47.2328400267758,-22.9100125278959],[-47.232441844988,-22.9097848645817],[-47.2321170613935,-22.9093280505686],
          [-47.2316417595164,-22.9085285119592],[-47.2310168528045,-22.9075691255222],[-47.2304168413749,-22.9066325861887],[-47.2301407741285,-22.9059696230677],[-47.2300392287083,-22.905466427453],
          [-47.2297392171908,-22.905009620332],[-47.2294145892169,-22.90457572619],[-47.2286426487272,-22.9040287700689],[-47.228095902674,-22.9038702515176],[-47.2273012425457,-22.9037811977329],
          [-47.2259858115045,-22.9037851999746],[-47.2245462229265,-22.90378966691],[-47.2236275378019,-22.9037238168496],[-47.22288431168,-22.9040236368236],[-47.2223393908305,-22.9042770765408],
          [-47.2220680381632,-22.9046441310425],[-47.2219202632243,-22.9048964346292],[-47.2218232838782,-22.905400248994],[-47.2218745025905,-22.9057663098525],[-47.2219270692108,-22.9064070512922],
          [-47.2220035697698,-22.9068645654378],[-47.2218575598218,-22.907505919202],[-47.2218583257479,-22.907666142314],[-47.2215362183507,-22.9078044336432],[-47.2211393255039,-22.907851421739],
          [-47.2208665663926,-22.9079209558372],[-47.2204208232483,-22.9081511567631],[-47.219752929683,-22.9086567249996],[-47.2194075128023,-22.9091156256182],[-47.2191621564882,-22.9097571929605],
          [-47.2188917312156,-22.9103302323607], [-47.218819939447,-22.9109255911011], [-47.2186123506442,-22.911059116949]]]
        }
      },
      {
        "type": "Feature",
        "properties": {
          "region": "Norte",
          "fillColor": "rgba(120, 166, 120, 0.6)"
        },
        "geometry": {
          "type": "Polygon",
          "coordinates": [[[-47.0171673245922,-22.7385819839949],[-47.0187432187578,-22.7433636588371],[-47.0194252191999,-22.7476431822138],[-47.0198837714239,-22.7518087002871],[-47.0203896812815,-22.7552186729936],
          [-47.0210704547891,-22.7590403712184],[-47.0212283061901,-22.7621076079709],[-47.0215649490194,-22.7669370531899],[-47.022122533646,-22.7710108305063],[-47.022480244127,-22.7745583544877],[-47.0227825997125,-22.7761602770588],
          [-47.0231088161044,-22.7774415750627],[-47.023533654227,-22.7785167707044],[-47.0246044784269,-22.7800028537788],[-47.0265218665199,-22.7825862010674],[-47.0278184553962,-22.7848729865787],[-47.0292634602816,-22.7870221760495],
          [-47.0304338064302,-22.7885767317476],[-47.0313319007396,-22.790269085262],[-47.0320824486455,-22.7923965740311],[-47.0323615916411,-22.7944792402284],[-47.0323691406166,-22.7969514119413],[-47.0328065140378,-22.802078332969],
          [-47.0330850098149,-22.8039091170776],[-47.033238898647,-22.8055798864203],[-47.033318403363,-22.8072278604023],[-47.0338448143877,-22.8090124126416],[-47.0344727501426,-22.8115522222345],[-47.0351485808975,-22.8135196645624],
          [-47.0359249200367,-22.8158760128407],[-47.0364775811751,-22.818118301355],[-47.0369292894501,-22.8197885025965],[-47.0373549717304,-22.8210696524917],[-47.037731203714,-22.8223737327858],[-47.0375113514157,-22.8234729184356],
          [-47.0372668969867,-22.8246408516242],[-47.0360555140191,-22.8260165200299],[-47.0344740513325,-22.828056774146],[-47.0337335102377,-22.8292713976306],[-47.0331165253711,-22.8303255456765],[-47.0328963896084,-22.8313330952535],
          [-47.0328743253713,-22.8322258959324],[-47.0330504352229,-22.833026787398],[-47.0331280955622,-22.834056715067],[-47.0334537364097,-22.8350862734728],[-47.0344018829132,-22.8368013238237],[-47.0354247813177,-22.8386306995449],
          [-47.0361988813575,-22.8402316796821],[-47.036774015106,-22.8416498547612],[-47.0370997846145,-22.8426793101855],[-47.0374737609982,-22.8432509653324],[-47.0380703247791,-22.843616095252],[-47.0388395260398,-22.843614637791],
          [-47.0399322799331,-22.8439330466051],[-47.0416706941584,-22.8444333859388],[-47.043457890161,-22.8446817379494],[-47.0449958725231,-22.8445643864272],[-47.047004451014,-22.8441942306137],[-47.0494837137429,-22.8435942738688],
          [-47.0514173147442,-22.8430640597464],[-47.0533526265774,-22.8430602245944],[-47.0550648401077,-22.8431255127971],[-47.0576208648237,-22.8432577854165],[-47.0602272574775,-22.8436187657142],[-47.0632802116798,-22.8439560373049],
          [-47.0661845512086,-22.8443620763198],[-47.0678972489787,-22.8445646240515],[-47.0690387852775,-22.8446309461226],[-47.0706278213175,-22.8449481017669],[-47.0723403954397,-22.8451047404007],[-47.0744997068555,-22.8453291142053],
          [-47.0768823247396,-22.8455301405108],[-47.0795384047233,-22.8458678505807],[-47.0787025603987,-22.8481357505908],[-47.077815433299,-22.8499231293742],[-47.0755215082706,-22.8539338438414],[-47.0740445598018,-22.8574163093286],
          [-47.0730823639175,-22.8590665189278],[-47.072812741569,-22.8600513684518],[-47.0720763677726,-22.8624106622735],[-47.0717604819335,-22.8644028170436],[-47.0717408633974,-22.8659364652286],[-47.0713755271325,-22.8679744934767],
          [-47.0706136848861,-22.8701735979225],[-47.0693340874337,-22.8734039289958],[-47.068594134044,-22.8747560122212],[-47.0680048562225,-22.8766342660757],[-47.0677110567682,-22.8778251703333],[-47.0676681076887,-22.879793816684],
          [-47.0672001246681,-22.8808707065996],[-47.0668074421428,-22.8821762865711],[-47.0666870117974,-22.8832752873296],[-47.0668639628287,-22.8842134246997],[-47.0669167644998,-22.8851518223606],[-47.0667948822833,-22.8858158765901],
          [-47.066672286333,-22.8862739228679],[-47.0660542651979,-22.8870077146947],[-47.0650644084658,-22.887879680095],[-47.0643214546421,-22.8883618563467],[-47.0634304544838,-22.8891191373889],[-47.0637546222106,-22.8895533232827],
          [-47.0651757612815,-22.891473242408],[-47.0667217085328,-22.8935759625704],[-47.0684163807481,-22.8956097406775],[-47.0690402434698,-22.8965926988913],[-47.0693395094296,-22.8970040838085],[-47.0697376546226,-22.8973007892007],
          [-47.070234067626,-22.8972998268712],[-47.0710780812358,-22.8973208729853],[-47.0723681191871,-22.8971350447809],[-47.0733363214631,-22.8971787435675],[-47.073733858027,-22.897292360857],[-47.0744291189142,-22.8973824985399],
          [-47.0751492920335,-22.8974724882031],[-47.0756966366081,-22.8978604863542],[-47.0761952349319,-22.8984774344806],[-47.0763704701735,-22.898912002378],[-47.0763964375291,-22.8992552636238],[-47.0763734150143,-22.8997589586048],
          [-47.0763252341341,-22.9001939192764],[-47.0761036531763,-22.9007208837702],[-47.0758070575745,-22.9010877713313],[-47.0753361144744,-22.9012947962672],[-47.0747417841269,-22.9016852532467],[-47.0738995978585,-22.9022134604843],
          [-47.0733554368004,-22.9027640440512],[-47.0729353580945,-22.9033142702333],[-47.0726638501532,-22.9037726387183],[-47.07239330608,-22.9045057126504],[-47.0722466089501,-22.9051699123824],[-47.0722496380802,-22.9060397090763],
          [-47.0722517294513,-22.9066577303867],[-47.0722283705116,-22.9070927275911],[-47.0719066753626,-22.9073909636319],[-47.0707503103387,-22.9072034628139],[-47.0695874388958,-22.907597705042],[-47.0680549800821,-22.9080327746292],
          [-47.0660965057684,-22.908635786051],[-47.0662713655259,-22.9092214074379],[-47.0668629032057,-22.9109991552143],[-47.0667712601663,-22.9113793393267],[-47.066951809913,-22.9117198682598],[-47.0681204994679,-22.9129860669569],
          [-47.0686941284174,-22.9135561069543],[-47.0701906890212,-22.9133200190568],[-47.0708329441974,-22.9132755308903],[-47.0724979526373,-22.9138674272217],[-47.0727772116368,-22.9142969383256],[-47.0726880579973,-22.9148395939974],
          [-47.0723245873992,-22.9152774966111],[-47.0697281569774,-22.9162137080004],[-47.0722878481555,-22.9179851632217],[-47.072756501301,-22.9180512667999],[-47.073262125521,-22.9179904959634],[-47.0756187294499,-22.9166602271667],
          [-47.0762295340568,-22.9171034510375],[-47.0774026533627,-22.9173769028024],[-47.0781785202366,-22.9177908746249],[-47.0765952485401,-22.9196840625656],[-47.0759747701505,-22.9195612756925],[-47.0755188064013,-22.9196846010266],
          [-47.0751965873297,-22.9199550457543],[-47.0804426230697,-22.9241095861214],[-47.0811944709424,-22.924857703844],[-47.0819090065561,-22.9257146408264],[-47.0829706936664,-22.9272516868199],[-47.0845197858821,-22.926176715124],
          [-47.0877622442462,-22.9241565479154],[-47.0905837827006,-22.9225374628188],[-47.0923191198722,-22.9212402314646],[-47.0933957882976,-22.920303213787],[-47.0963427591159,-22.9171572283565],[-47.1001006676167,-22.9128910477078],
          [-47.1013876836445,-22.9118580329726],[-47.1027462936706,-22.9100236601208],[-47.1039322526507,-22.9084873144578],[-47.1054407838374,-22.9069501148726],[-47.1068494784391,-22.9052529919855],[-47.1079118809716,-22.9039228288779],
          [-47.1085788473449,-22.9030286240282],[-47.1090217869473,-22.9019974622473],[-47.1094395629169,-22.9008519815334],[-47.1098325000903,-22.8997065591443],[-47.110276722779,-22.8990187926495],[-47.1109204481563,-22.8985824140883],
          [-47.1114897855882,-22.898169049745],[-47.1120852560571,-22.8980989313191],[-47.1128052153228,-22.8981429804384],[-47.1151151738258,-22.8985724684308],[-47.116033301012,-22.8985015587947],[-47.1174975635762,-22.8984751827106],
          [-47.1201273231895,-22.8981254854588],[-47.1219112375907,-22.8972971152899],[-47.1231986650044,-22.8964241767579],[-47.1235680112856,-22.8956450252453],[-47.1244567027779,-22.8943838915095],[-47.1247278617602,-22.8938796799689],
          [-47.1253222322542,-22.893534815874],[-47.1260661954238,-22.8933728344456],[-47.1271578984981,-22.8932785954589],[-47.129217761622,-22.8932277077553],[-47.1312295008999,-22.893588919445],[-47.1322723137124,-22.8936779306043],
          [-47.1336114266031,-22.8933770235905],[-47.1360157161698,-22.8925469404502],[-47.1370106546234,-22.8930938139042],[-47.1387267070786,-22.8940050779517],[-47.1407656244123,-22.8949383315465],[-47.1422571393599,-22.8955296628172],
          [-47.143101988192,-22.8957792541656],[-47.1440704824344,-22.8959141463119],[-47.1447658740759,-22.8960268111402],[-47.145833259591,-22.8960469704163],[-47.1464291687874,-22.8961141185806],[-47.1470250384774,-22.896158334936],
          [-47.1481689894134,-22.896727584138],[-47.1490136944664,-22.8969313749389],[-47.1496603908792,-22.8972730741406],[-47.150107397392,-22.8973405982826],[-47.1507289451812,-22.8975907326173],[-47.1509778220526,-22.8977732399313],
          [-47.151302717137,-22.8983216876817],[-47.1516796072235,-22.8994651590097],[-47.1519050620638,-22.899991029174],[-47.1525033618831,-22.9006303777085],[-47.1530754664196,-22.9009493297158],[-47.1548606775966,-22.9004639894752],
          [-47.1565960083713,-22.8999558356388],[-47.1582828373658,-22.8996995590059],[-47.1603150234037,-22.8989388036066],[-47.1607606898038,-22.8986629081929],[-47.1608580590673,-22.8982048809707],[-47.1611279411967,-22.8974259251017],
          [-47.1615692712764,-22.8960971164072],[-47.1617396586216,-22.8952726609269],[-47.1616360861438,-22.8942200166017],[-47.1614830986334,-22.8932132722961],[-47.1610378577249,-22.8935807020468],[-47.1603195565858,-22.893948865446],
          [-47.158658567457,-22.8944110872937],[-47.1569475394901,-22.8948047306463],[-47.155458121913,-22.8947399993867],[-47.1549338873513,-22.8939860894527],[-47.1542370512384,-22.893507240671],[-47.1527943349112,-22.8927098951822],
          [-47.1518728733529,-22.8919340025908],[-47.1522677130422,-22.8913607294037],[-47.1524888179208,-22.8907879136753],[-47.1523625000459,-22.8902389434695],[-47.1513883158617,-22.8886621123757],[-47.1502661760741,-22.8873374302789],
          [-47.148868665081,-22.885395455351],[-47.150282016435,-22.8850712930546],[-47.152142887455,-22.8849520323153],[-47.1536303492726,-22.8845589498374],[-47.1545980421832,-22.8845106237529],[-47.1563360031885,-22.8846891752315],
          [-47.158173041102,-22.8848216753429],[-47.1577968373377,-22.8838384482371],[-47.1575208440968,-22.8830837910455],[-47.1574152997464,-22.8815276096434],[-47.1576322026334,-22.8799247111021],[-47.1582972229955,-22.8786869405586],
          [-47.1587905033259,-22.87793032208],[-47.159477369881,-22.8759370961006],[-47.1595227260486,-22.874884047714],[-47.1595200902544,-22.8742202874733],[-47.1592198931523,-22.8736259289404],[-47.1589458219299,-22.8733519639334],
          [-47.1565077284093,-22.8718248243515],[-47.1566527376609,-22.8708630459662],[-47.1570855400116,-22.8674055729287],[-47.1566828444365,-22.86598747786],[-47.1563790991778,-22.8645005128502],[-47.1560011668871,-22.8630823496122],
          [-47.1555002835558,-22.8619162765431],[-47.1553735473892,-22.8612527517133],[-47.1559639589927,-22.8599694217161],[-47.1565786616609,-22.8585715617411],[-47.1585843928817,-22.8575362419096],[-47.1632846434813,-22.8540445257565],
          [-47.1611164023326,-22.8516697774992],[-47.1601935378638,-22.8504590760824],[-47.1582489327266,-22.8481523814114],[-47.1575511684084,-22.8473759940532],[-47.156753601081,-22.8464854028028],[-47.1563031909217,-22.845525193948],
          [-47.1563973836367,-22.8442660121245],[-47.1570887787922,-22.8434401849224],[-47.1577067864767,-22.8428663173878],[-47.1582757895108,-22.8424756503001],[-47.1585711515416,-22.8418797951249],[-47.1585632614656,-22.839911255357],
          [-47.1583836826527,-22.8384239575755],[-47.1581045443176,-22.8368681355377],[-47.1574324675069,-22.8363206054797],[-47.1563372498875,-22.8354078612125],[-47.1553676261424,-22.834883942141],[-47.1541985315055,-22.8341086793068],
          [-47.1537996996428,-22.8336290226457],[-47.1536734498064,-22.8330800461485],[-47.1536699043482,-22.8321873528121],[-47.1539404480531,-22.8315914803883],[-47.1545087821421,-22.831017757567],[-47.1550273538062,-22.8304213251144],
          [-47.1554457249079,-22.829573294164],[-47.1557653354443,-22.828839986576],[-47.1560610039708,-22.8283356722105],[-47.1565302811832,-22.8278079715176],[-47.1570725294509,-22.8269367734254],[-47.1572180753515,-22.8261122957823],
          [-47.1573386430567,-22.825242205946],[-47.1573606181756,-22.8245326087279],[-47.1575071636146,-22.823959987716],[-47.1578524118254,-22.8234326105449],[-47.1582228364374,-22.8230196324469],[-47.158170634044,-22.8223788379837],
          [-47.1585634257591,-22.8213477967844],[-47.1587827388877,-22.8196715561904],[-47.1589764863717,-22.8187774530661],[-47.1592485059745,-22.8185933031743],[-47.1595953801316,-22.8185006707959],[-47.1598178854253,-22.8183395799129],
          [-47.1600152124754,-22.8181099496021],[-47.1602612438407,-22.8177196892483],[-47.1604314530148,-22.8170547540538],[-47.1605527536039,-22.8165274310143],[-47.1606733272568,-22.8158626273216],[-47.1607708998425,-22.8155416360533],
          [-47.1607684786593,-22.815083337293],[-47.160567408596,-22.8146028170962],[-47.1606906429326,-22.814442078927],[-47.160863145707,-22.8142124235638],[-47.1607867625533,-22.8138461264297],[-47.1606584486999,-22.8130445904052],
          [-47.1607557760182,-22.8126776519671],[-47.1610530826133,-22.8125851480924],[-47.1614990827227,-22.8124693208591],[-47.161796186556,-22.8123538882862],[-47.1620922785722,-22.8120321881576],[-47.1620386497544,-22.8112763124726],
          [-47.1618613870596,-22.8105894605256],[-47.1620284745188,-22.8093517648436],[-47.1621451205911,-22.8079308612201],[-47.1625320239493,-22.8060280969034],[-47.1623079246764,-22.8058683707147],[-47.1618608575468,-22.8057780227194],
          [-47.1614153640502,-22.8059855633288],[-47.1606972696478,-22.806262611306],[-47.1592603083512,-22.8066563779664],[-47.1586171319249,-22.8070248445044],[-47.1577762341507,-22.8075313108524],[-47.1570092145183,-22.8079459549027],
          [-47.156514075251,-22.8081536131619],[-47.1562910994902,-22.8082229844161],[-47.1557453276503,-22.8082245928845],[-47.1551749005326,-22.8082721225897],[-47.154257738156,-22.8084351084962],[-47.1537130815351,-22.8086658165445],
          [-47.1534660060889,-22.808872729968],[-47.1531208260833,-22.8092861673919],[-47.1481319522842,-22.8089568417196],[-47.1477107641951,-22.8090725678122],[-47.1474136916472,-22.8092109042589],[-47.1469932138453,-22.8094641103784],
          [-47.1468706781706,-22.8097623207551],[-47.1463521211851,-22.8102449763692],[-47.145095519507,-22.8119440293151],[-47.144799620585,-22.8123114680209],[-47.144528498111,-22.8126559132215],[-47.1442322407993,-22.8129545649527],
          [-47.1439352363808,-22.8130928946758],[-47.1436121538646,-22.813002181469],[-47.1433371309869,-22.812590518738],[-47.1431116252619,-22.8121558908279],[-47.142784181716,-22.8112174444807],[-47.1425068080768,-22.8103475660428],
          [-47.1422301454683,-22.8096151689723],[-47.1406093433748,-22.8080387830574],[-47.1401345270455,-22.8073756679591],[-47.1400328016885,-22.8068948648948],[-47.140104193409,-22.8062988901071],[-47.140325063303,-22.8058171841168],
          [-47.1405224450504,-22.8056104161141],[-47.1407179088459,-22.8050141283954],[-47.140862568164,-22.8041889487147],[-47.1407858909594,-22.8037537604268],[-47.1406360281003,-22.8035480464311],[-47.1402139097691,-22.8034805021873],
          [-47.1395939787726,-22.803550938473],[-47.138775493994,-22.8035990309275],[-47.1373122981687,-22.803740629052],[-47.1361213218183,-22.8037210309211],[-47.1350531733054,-22.8034720085375],[-47.1337355659705,-22.8029486264366],
          [-47.1309984599772,-22.8013752476788],[-47.1299034403901,-22.8007137995527],[-47.1286858271147,-22.8003277023588],[-47.1282380999811,-22.8000997733173],[-47.1275925540623,-22.8000099005146],[-47.1269988237492,-22.8003551938034],
          [-47.1265300815532,-22.8008834349321],[-47.1257892636842,-22.8015728392088],[-47.1248253717675,-22.8023315693313],[-47.1242323926797,-22.8028143362027],[-47.1233662526887,-22.8032749220417],[-47.1222513527186,-22.8035987058632],
          [-47.1212103193704,-22.8038076585011],[-47.1200203611263,-22.803994211053],[-47.119003680138,-22.8041114643703],[-47.1176133763848,-22.803931878037],[-47.1164968665962,-22.8039348862822],[-47.1156530930669,-22.8038912932269],
          [-47.1149327474614,-22.8037327584256],[-47.1140135146873,-22.8034832406768],[-47.1131677116356,-22.8030271802294],[-47.1126188220232,-22.8024100043387],[-47.1120207270285,-22.8018617287164],[-47.1114958737225,-22.8010840760753],
          [-47.1110202060481,-22.8002146789273],[-47.1102725671336,-22.7995292576355],[-47.1093769483927,-22.7990275213897],[-47.1084571939238,-22.7986633221516],[-47.1073387081187,-22.7982538073823],[-47.106421978076,-22.7985082341454],
          [-47.1057518556761,-22.7984641868011],[-47.1044356132652,-22.7981925914087],[-47.1034415443026,-22.7978514615088],[-47.1024720727885,-22.7974645001459],[-47.1015750516363,-22.796664816057],[-47.1008016675133,-22.7957732178565],
          [-47.1006497681344,-22.7951320741601],[-47.1003978722547,-22.7943536700391],[-47.100468884712,-22.7936432334054],[-47.1010128144743,-22.7932522897003],[-47.1011821901869,-22.7923582835595],[-47.1011521463923,-22.7912586328722],
          [-47.1008992617118,-22.7902740452366],[-47.1006967488762,-22.7894267391255],[-47.1010905714375,-22.7887841808363],[-47.1014111414466,-22.7883709926625],[-47.101856243205,-22.7880719898324],[-47.1022013192052,-22.7876128864213],
          [-47.1021492267634,-22.7870859841983],[-47.1017750536093,-22.7866745516312],[-47.1007040683631,-22.7857837116632],[-47.0999067168155,-22.7850524841381],[-47.0984877342897,-22.7840251043227],[-47.0969471302631,-22.7835019834758],
          [-47.0970962187732,-22.7835474192009],[-47.0965711962712,-22.7827010060572],[-47.0961458642303,-22.7819459968636],[-47.095719001864,-22.7808701544104],[-47.0953928151448,-22.7800919918772],[-47.0950421493556,-22.7793825815549],
          [-47.0948649714531,-22.7786497660339],[-47.0947859165052,-22.7776647755345],[-47.0950289878446,-22.7766101915674],[-47.0953482660755,-22.7759448829787],[-47.096258490273,-22.7743387733094],[-47.0967267255329,-22.7736959704026],
          [-47.0967486844906,-22.7731002006478],[-47.096571619912,-22.7723904062754],[-47.0961943798525,-22.771291520899],[-47.0955223110606,-22.7708120309297],[-47.0959677026644,-22.7705818356509],[-47.0962883596366,-22.7701914981359],
          [-47.0963350205766,-22.7695727434482],[-47.0967301309674,-22.7692051702305],[-47.097447205799,-22.7687222297596],[-47.0980886694859,-22.7680102495614],[-47.0986801517708,-22.7672068399485],[-47.1005878525316,-22.7667208588487],
          [-47.1016279888357,-22.7663744824617],[-47.1020494293029,-22.766327582571],[-47.1028186582317,-22.7663943634398],[-47.103660319764,-22.7660485136546],[-47.1042304970727,-22.7659783410507],[-47.1048002304326,-22.7658165392452],
          [-47.1050957089867,-22.7653574548643],[-47.1051180780478,-22.7648534036622],[-47.1050125250133,-22.763547648437],[-47.1050791558045,-22.7619206660313],[-47.1050417127765,-22.7593087591376],[-47.1054366287871,-22.758895308056],
          [-47.1061751260872,-22.757747778271],[-47.1071361729249,-22.7564393195083],[-47.107751582816,-22.7554754109754],[-47.1072025921165,-22.7547894989655],[-47.1060825924809,-22.7539904173619],[-47.1040438114321,-22.7529416318945],
          [-47.1027501742902,-22.7521200768734],[-47.1022524867453,-22.7517777035968],[-47.1018771766245,-22.7510912884703],[-47.1014286648247,-22.7506570827448],[-47.1011303384826,-22.7505203548375],[-47.1006571355748,-22.7501091317202],
          [-47.1006801818554,-22.749742475471],[-47.1006288921974,-22.7493759848959],[-47.1003049958486,-22.749078984944],[-47.0998821787384,-22.7488279736906],[-47.0993858257598,-22.7487604729452],[-47.0991107461712,-22.7482800127767],
          [-47.0985881664575,-22.7479147520029],[-47.0978417684104,-22.7474125879067],[-47.0975689139654,-22.7474132841923],[-47.0975709919355,-22.7478485838867],[-47.0971513544318,-22.7482620693866],[-47.0965345831413,-22.7489509672532],
          [-47.0956419729963,-22.7489990700497],[-47.0953708599483,-22.7493663646236],[-47.0948247568903,-22.7492530990313],[-47.0943777974283,-22.7491397044488],[-47.0938065934013,-22.7489807220325],[-47.0932366952333,-22.7490967117396],
          [-47.093337982047,-22.7495317946914],[-47.0933397503694,-22.7499213275252],[-47.0929680735316,-22.7499909314647],[-47.0923231834717,-22.7499696834446],[-47.0916777782842,-22.7498567155176],[-47.0913814122272,-22.7501323400383],
          [-47.0910362741018,-22.7505685783745],[-47.0907652525166,-22.7509587055381],[-47.0901948820154,-22.750960126366],[-47.0894995377784,-22.7507785592235],[-47.0893242497192,-22.7504124223541],[-47.0896959288932,-22.7503427364238],
          [-47.0902410305484,-22.7502268127464],[-47.0906130341832,-22.7502259135426],[-47.0909328272082,-22.7496752626941],[-47.0909313901233,-22.7493544278361],[-47.0906566899135,-22.7489655801845],[-47.0900870050256,-22.7491274180466],
          [-47.0895178589591,-22.7494038117801],[-47.0887984447187,-22.7493596909001],[-47.0883029559518,-22.7494755021825],[-47.0876824686076,-22.7493853936399],[-47.087259562683,-22.749111417635],[-47.0870339179286,-22.7485849672603],
          [-47.0869577807332,-22.7482186142343],[-47.087179735262,-22.7479430676628],[-47.087454451575,-22.748354852931],[-47.0879517703049,-22.7486285775649],[-47.0884235311563,-22.7487420272776],[-47.0891430490669,-22.7488089894614],
          [-47.0895378806146,-22.748372646297],[-47.0888401753612,-22.7476869844468],[-47.0878965545809,-22.7474372461337],[-47.0869777419679,-22.7471874485547],[-47.0862086224557,-22.747120582489],[-47.0859582078792,-22.7466171139341],
          [-47.086104997145,-22.7461814917016],[-47.0862014216035,-22.7455854682787],[-47.0858769991442,-22.7451509470683],[-47.0852557807789,-22.7449004099529],[-47.0845357480425,-22.7447188703357],[-47.0836669957292,-22.7445605743276],
          [-47.0829711562726,-22.7442644172227],[-47.0822994565364,-22.7438077853468],[-47.0820253255417,-22.7435334783064],[-47.081528676452,-22.7433972209275],[-47.0810073291248,-22.7432838538504],[-47.0806585494312,-22.7429410014438],
          [-47.0800874900518,-22.7428048964339],[-47.0797397784859,-22.7426912490844],[-47.0794184647448,-22.7429211341733],[-47.0790227624415,-22.743174105914],[-47.0786026535626,-22.7434959171215],[-47.0786298994435,-22.7440227985022],
          [-47.0782111659665,-22.7446424252034],[-47.07746752842,-22.7447358828435],[-47.0769458609704,-22.7445538035278],[-47.0768444995287,-22.7440729353964],[-47.0768678209654,-22.7437520469845],[-47.0779062710991,-22.7430621569306],
          [-47.0778293132598,-22.7425124492426],[-47.0779502596849,-22.741847677038],[-47.0779246077464,-22.741664471211],[-47.0779217449043,-22.7410458182404],[-47.0777448054791,-22.7403130591042],[-47.0773950886522,-22.7397640106102],
          [-47.0768729116779,-22.7394673707676],[-47.0765731507534,-22.7390098465403],[-47.0763482000619,-22.7386208647762],[-47.0758761652084,-22.7384386766833],[-47.0751292607673,-22.7377988167276],[-47.0752005067756,-22.7371113088858],
          [-47.0754959567082,-22.736652366319],[-47.0760152675468,-22.7363303577882],[-47.0763358072294,-22.735917130726],[-47.0762837711876,-22.7353902992803],[-47.0758096366158,-22.7347498744776],[-47.0758821448583,-22.7343372536839],
          [-47.075804779656,-22.7336958241417],[-47.075356405372,-22.7332615338382],[-47.075032996075,-22.7330331733456],[-47.0744369699594,-22.7328513263996],[-47.0740161415749,-22.7330127056056],[-47.0733458925009,-22.7328538466713],
          [-47.0727494490725,-22.7325803639407],[-47.0721770742595,-22.7321463186566],[-47.0714838352456,-22.7323999707324],[-47.0709141640836,-22.7325388060779],[-47.0705157268963,-22.7321730987019],[-47.0705897413472,-22.7321042482734],
          [-47.0704384948403,-22.7315546846214],[-47.0699402256874,-22.7310517789813],[-47.0694437348279,-22.7309383192129],[-47.0691470224204,-22.7311223630941],[-47.0687506002434,-22.7312148893109],[-47.0683293519561,-22.7312846241772],
          [-47.0679318638046,-22.7311251887762],[-47.0676350429725,-22.7312862098094],[-47.0673633612734,-22.7315389010299],[-47.0673655477941,-22.7320200689775],[-47.0673683594637,-22.7326387263345],[-47.0674451625692,-22.7331655132737],
          [-47.0670987564321,-22.7333496552856],[-47.066578497097,-22.7334654465358],[-47.0660575087968,-22.7334208166642],[-47.0655118217932,-22.7333991649411],[-47.0648681442202,-22.7336297587892],[-47.0646962862251,-22.7340196462176],
          [-47.0646493762708,-22.7346154739566],[-47.0643047012302,-22.7351662183224],[-47.0640817828974,-22.7352354557558],[-47.0638579324179,-22.7350985035239],[-47.0634347012121,-22.7347328273997],[-47.0631112036021,-22.7344816018404],
          [-47.062715880593,-22.7348032325303],[-47.0623946796599,-22.7350789453481],[-47.0617498524254,-22.735057477898],[-47.0613531838934,-22.7350812860698],[-47.0612799086901,-22.7353334835986],[-47.0608345611135,-22.7355636690541],
          [-47.06081151048,-22.7359532579155],[-47.060986703526,-22.7363194337417],[-47.0613354196463,-22.7366623342975],[-47.0615350864801,-22.7369368291911],[-47.0614374210758,-22.7372807961741],[-47.0612398172367,-22.7374645404759],
          [-47.0606194736868,-22.7373743201757],[-47.0597745809161,-22.7370095602407],[-47.0592519123283,-22.736575458278],[-47.0585325862149,-22.7365541262419],[-47.0579630066371,-22.7367387786844],[-47.0573691328792,-22.7370379476983],
          [-47.0575203135495,-22.7375645956982],[-47.058041523127,-22.7376551125781],[-47.058538647654,-22.7379060064056],[-47.0586898567223,-22.7384555839241],[-47.0583962960894,-22.7393498095816],[-47.05822574936,-22.740037601765],
          [-47.0579049376732,-22.7404049368838],[-47.057630632089,-22.7400618827743],[-47.0571578939214,-22.739719217697],[-47.0565874790536,-22.7397205159699],[-47.0560917832994,-22.7397903666243],[-47.0556452866746,-22.7397684888106],
          [-47.0550994705035,-22.7397238731478],[-47.0547506579589,-22.7393580284194],[-47.0546245742216,-22.7388771881548],[-47.0546727741586,-22.7385791818729],[-47.0547700493444,-22.7381435876393],[-47.0544456380146,-22.7376860633754],
          [-47.0539983315739,-22.7374808298147],[-47.0535764418744,-22.7374130372315],[-47.053006035441,-22.7374143220005],[-47.0524615518036,-22.7376676077044],[-47.0521409109002,-22.7380578611645],[-47.0518449907,-22.7384479770211],
          [-47.0511015398071,-22.7385642398044],[-47.0505068306858,-22.738680124214],[-47.0503595278014,-22.7390241817488],[-47.0504848666123,-22.7393217647603],[-47.0507350601813,-22.7398253010502],[-47.05049044457,-22.7405819300157],
          [-47.0499709499377,-22.7408809307618],[-47.0493269249973,-22.741065697194],[-47.0485584707201,-22.7411590676364],[-47.0479384168666,-22.7411374989588],[-47.0477622600154,-22.7405650265705],[-47.0476112931328,-22.7400612961632],
          [-47.0471389819032,-22.7398103203344],[-47.0464446424392,-22.7398347481904],[-47.0458744241919,-22.7398817783599],[-47.0451794596778,-22.7397457784733],[-47.044434306555,-22.7394953993004],[-47.0436890350635,-22.7391991549388],
          [-47.0430429034654,-22.7389027219792],[-47.0425193923756,-22.7382851209457],[-47.0421193076545,-22.7375298851952],[-47.0417196269658,-22.7368662788671],[-47.0413956593107,-22.7365003554334],[-47.0409488721021,-22.7364096446937],
          [-47.0400056927822,-22.7362284015519],[-47.039160934259,-22.7358636171405],[-47.0377945894423,-22.7353166140044],[-47.0362299247902,-22.7347928917633],[-47.0355589066392,-22.7344506092916],[-47.0345910407463,-22.7342923082319],
          [-47.0341444601188,-22.73424734805],[-47.0335505385832,-22.7345465217873],[-47.0330311227928,-22.7348683990116],[-47.0323618013704,-22.7349385798802],[-47.0319648262696,-22.7348935241555],[-47.0317159067142,-22.7346878682084],
          [-47.0313912819922,-22.7341614994597],[-47.0311400894087,-22.7334058725532],[-47.030767335252,-22.7332233669437],[-47.030197330509,-22.7333162003766],[-47.0293545680493,-22.7334096084193],[-47.0268050891419,-22.7345605771653],
          [-47.0250725719774,-22.7353890450796],[-47.0242054720798,-22.7355970329438],[-47.0234857559185,-22.7354839104048],[-47.0227916025466,-22.7355311635692],[-47.0222225470137,-22.7358530942599],[-47.0220751735416,-22.7361971307371],
          [-47.0216077440637,-22.7370916985519],[-47.0212882822016,-22.7378026539391],[-47.0204956698958,-22.738033424355],[-47.0193552154916,-22.73812738772],[-47.0171673245922,-22.7385819839949]]]
        }
      },
      {
        "type": "Feature",
        "properties": {
          "region": "Sul",
          "fillColor": "rgba(22, 104, 163, 0.6)"
        },
        "geometry": {
          "type": "Polygon",
          "coordinates": [[[-47.1481789143815,-23.0544526170341],[-47.1454073353133,-23.0521010759414],[-47.1415849543601,-23.0484236888495],[-47.1389352437926,-23.0455675361624],[-47.1377294718916,-23.0431424599031],
          [-47.135906955958,-23.0415898173207],[-47.1323081726328,-23.0377970240626],[-47.1297811288943,-23.0345508516309],[-47.1279746405346,-23.0312567478866],[-47.1243109779301,-23.0243937991261],[-47.1215015473016,-23.0192923882895],
          [-47.116334969531,-23.009958907525],[-47.1129453597174,-23.0030031110014],[-47.1091943704564,-22.9932758498919],[-47.1071184231783,-22.9855373614441],[-47.1059850504303,-22.9824472817914],[-47.1056773555086,-22.9805235141087],
          [-47.104088324863,-22.9756934272283],[-47.1024505574257,-22.971046682162],[-47.1018921954963,-22.9686423413654],[-47.1008116347567,-22.9661249423629],[-47.0997087923124,-22.9641345047408],[-47.092854317731,-22.9529330908323],
          [-47.0918262621162,-22.9508813794187],[-47.0904553727797,-22.9481310067688],[-47.089951475804,-22.9469774909119],[-47.0899525124085,-22.9469769355833],[-47.0898651753693,-22.9467764966119],[-47.0900688158458,-22.946917534659],
          [-47.0902415156443,-22.9468293138999],[-47.0908556032678,-22.9465279058166],[-47.0915920871763,-22.9462655060561],[-47.091149545441,-22.9453690176305],[-47.0912387706959,-22.9410363187827],[-47.0914213625278,-22.9399194331151],
          [-47.0916857474725,-22.9393745514042],[-47.0929455012642,-22.937981831126],[-47.0934080071376,-22.9373305134607],[-47.0946549141852,-22.9360507077434],[-47.0949549241314,-22.9352887752259],[-47.0965431650462,-22.9359354847367],
          [-47.0969402611877,-22.9348182878105],[-47.097000547603,-22.9325763513556],[-47.0963132502717,-22.9310803270488],[-47.0940297246437,-22.9291330409869],[-47.0932344968423,-22.9283195695447],[-47.0931687463165,-22.9271340069154],
          [-47.0895972578373,-22.9262581694494],[-47.0877622442462,-22.9241565479154],[-47.0845197858821,-22.926176715124],[-47.0829706936664,-22.9272516868199],[-47.0819090065561,-22.9257146408264],[-47.0811944709424,-22.924857703844],
          [-47.0804426230697,-22.9241095861214],[-47.0751965873297,-22.9199550457543],[-47.0755188064013,-22.9196846010266],[-47.0759747701505,-22.9195612756925],[-47.0765952485401,-22.9196840625656],[-47.0781785202366,-22.9177908746249],
          [-47.0774026533627,-22.9173769028024],[-47.0762295340568,-22.9171034510375],[-47.0756187294499,-22.9166602271667],[-47.073262125521,-22.9179904959634],[-47.072756501301,-22.9180512667999],[-47.0722878481555,-22.9179851632217],
          [-47.0697281569774,-22.9162137080004],[-47.0723245873992,-22.9152774966111],[-47.0726880579973,-22.9148395939974],[-47.0727772116368,-22.9142969383256],[-47.0724979526373,-22.9138674272217],[-47.0708329441974,-22.9132755308903],
          [-47.0701906890212,-22.9133200190568],[-47.0686941284174,-22.9135561069543],[-47.0681204994679,-22.9129860669569],[-47.066951809913,-22.9117198682598],[-47.0667712601663,-22.9113793393267],[-47.0668629032057,-22.9109991552143],
          [-47.0662713655259,-22.9092214074379],[-47.0660965057684,-22.908635786051],[-47.0667641857772,-22.9084301978774],[-47.0657667182435,-22.9087302658704],[-47.0628589978171,-22.9096885565883],[-47.0626680356027,-22.9099437289004],
          [-47.0630245608254,-22.9109768551212],[-47.0620246549983,-22.9111973968435],[-47.0609966425344,-22.9114994583111],[-47.0608032162346,-22.9115922484044],[-47.0601550350662,-22.911239724523],[-47.0593130756671,-22.9109618444984],
          [-47.058549887147,-22.9107371060394],[-47.0578242319199,-22.9104216882257],[-47.0574637209727,-22.9110580450206],[-47.0566318996071,-22.9108071027777],[-47.0548262083153,-22.9150898663098],[-47.0541966232146,-22.9172638177657],
          [-47.0531599862854,-22.918287908221],[-47.0516980116256,-22.9195340718973],[-47.0476172347453,-22.9228353921003],[-47.0433814269825,-22.9262109282367],[-47.0418024177056,-22.927458516967],[-47.0398765084371,-22.9289632449525],
          [-47.0375004338654,-22.9306215216249],[-47.0343567829511,-22.9297939988332],[-47.0337763611161,-22.9306364402006],[-47.0333852837987,-22.9314544248596],[-47.0325643830169,-22.9320802025913],[-47.0315543668889,-22.9327522744091],
          [-47.0299384494715,-22.9341572247299],[-47.0288453526617,-22.9348826161175],[-47.027329834687,-22.9385494942376],[-47.0253926226894,-22.9423602369327],[-47.0182952385816,-22.9488461882602],[-47.0167301542986,-22.9457020387095],
          [-47.0160073696859,-22.9451322593721],[-47.0160690027087,-22.9452927170281],[-47.0167161982265,-22.9458180461841],[-47.0172160496768,-22.9468701379179],[-47.0178400607995,-22.9479449330358],[-47.0185147307268,-22.9493171862558],
          [-47.0190882926918,-22.950117352056],[-47.0198601106957,-22.9508026809508],[-47.02043311604,-22.9513968281706],[-47.0210309878663,-22.9520137677778],[-47.021104666678,-22.9517618491801],[-47.0213771089311,-22.9515324042677],
          [-47.0217736672965,-22.951279889586],[-47.0221453810618,-22.9510274200144],[-47.0224183940824,-22.951003985872],[-47.0226925797074,-22.9513239625609],[-47.0228671763979,-22.9515755129566],[-47.0232156130659,-22.9518494913664],
          [-47.0236380062219,-22.9519174082411],[-47.0239857509666,-22.9519396923273],[-47.0243090099936,-22.9520993336594],[-47.0248073886159,-22.9526477414608],[-47.0250331346731,-22.9533799195204],[-47.0250356893469,-22.954203964379],
          [-47.0249388491582,-22.9550052642538],[-47.0245690266979,-22.9558758648553],[-47.0241978627337,-22.9563114217004],[-47.0234549540766,-22.9569767016697],[-47.0238543911523,-22.9576397661903],[-47.0243792303809,-22.9587375519645],
          [-47.0247050230548,-22.9596754641055],[-47.0249062771321,-22.9605220680492],[-47.0259818150196,-22.962992289716],[-47.0263331796941,-22.9641820220226],[-47.0266848710391,-22.9654632024915],[-47.0270109414916,-22.9664927379236],
          [-47.027311163729,-22.9672017480058],[-47.0278834083306,-22.9675440801974],[-47.0287536268097,-22.9678629144969],[-47.0295990029154,-22.9681817911074],[-47.0299235224481,-22.9687076671947],[-47.0302244339512,-22.9696226801105],
          [-47.0301267305617,-22.9701493604926],[-47.0300540964568,-22.9707446934151],[-47.0304027003675,-22.9710415805982],[-47.0308509162436,-22.9714069764311],[-47.0313731274931,-22.9716120783924],[-47.0321176578759,-22.971450409706],
          [-47.0331100011328,-22.9711051791034],[-47.0338090446598,-22.97227119738],[-47.0345572007784,-22.9732311949006],[-47.0351322379501,-22.9744433059842],[-47.0356325770122,-22.975564018092],[-47.0359832625401,-22.9765018492663],
          [-47.036332223713,-22.9768903506628],[-47.036655556895,-22.9770499610215],[-47.037921974504,-22.9769559434153],[-47.0398840731087,-22.9769750167101],[-47.0412751233846,-22.9770409674422],[-47.0419466253624,-22.9773371862656],
          [-47.0425452978289,-22.9781371965863],[-47.0427465483675,-22.9789150654763],[-47.0432447944304,-22.9793947928769],[-47.0437679962194,-22.9798973982256],[-47.0456594143075,-22.9810610552212],[-47.0468037458345,-22.9819079851926],
          [-47.0486758433384,-22.9838282996979],[-47.0492992854951,-22.9843309417514],[-47.04987190439,-22.9846045693767],[-47.050494198294,-22.9848551624606],[-47.0515154684415,-22.9854255888475],[-47.0525373796907,-22.986133494359],
          [-47.0527396764908,-22.9869119641317],[-47.0555339510966,-22.9894257287368],[-47.0568291785602,-22.9901329437202],[-47.0584470664955,-22.9907706814827],[-47.059766182195,-22.9912486139369],[-47.0606364059451,-22.9913839932599],
          [-47.0624002071828,-22.9913339449333],[-47.0638912744048,-22.9913990162796],[-47.0649610530289,-22.9916942709437],[-47.0658071873436,-22.9919900889941],[-47.0662563456624,-22.9924014034158],[-47.0665310177855,-22.9926986253963],
          [-47.0668310532068,-22.9930874188654],[-47.0669830967008,-22.9937285753618],[-47.0669110301853,-22.9942557474323],[-47.0667647352059,-22.9948517776743],[-47.0666184127105,-22.9954249678117],[-47.0664970745161,-22.9960438735618],
          [-47.0665492860985,-22.9965936176991],[-47.0668991411701,-22.9970052322883],[-47.0673724140653,-22.9972560739515],[-47.0679204865232,-22.9975755413567],[-47.0683195076035,-22.9978723986367],[-47.0685452512849,-22.9983300473949],
          [-47.0687222705524,-22.9989940760761],[-47.0689266090737,-23.0001621304562],[-47.0693525811097,-23.0009171539609],[-47.0695542427492,-23.0015352685392],[-47.0699052348967,-23.002198916048],[-47.0700818045201,-23.0027483854285],
          [-47.0701394689833,-23.0044436821936],[-47.0698943970453,-23.0051545760959],[-47.0695236777538,-23.0055908624673],[-47.0694518351577,-23.0061638027601],[-47.0696035568873,-23.0067133263346],[-47.0698059917282,-23.0074918532897],
          [-47.0699076855519,-23.0079727875379],[-47.070431578739,-23.008406760656],[-47.0710295184904,-23.0087489432357],[-47.0718502377194,-23.0088844496672],[-47.0726712034185,-23.0090885595939],[-47.0734933754496,-23.0095447949431],
          [-47.0739423984523,-23.0099102225482],[-47.0740431246765,-23.0101849714763],[-47.074346098245,-23.0111922903544],[-47.0748712248317,-23.0118783762569],[-47.0750480779377,-23.0124965350884],[-47.075498652317,-23.0131827835427],
          [-47.0758740108908,-23.0137317120493],[-47.0760761362849,-23.0144185999179],[-47.0759305272495,-23.0151521199284],[-47.0755856458034,-23.0157945462703],[-47.0746444210279,-23.0164384742107],[-47.0741485115286,-23.0166687750478],
          [-47.0737307772279,-23.0176550275575],[-47.0732651096049,-23.0190310040277],[-47.073494165675,-23.0201530413142],[-47.0734731734112,-23.0209780023773],[-47.0733267511984,-23.0215282678567],[-47.0731066661608,-23.0222848802824],
          [-47.0730386682484,-23.0236597965016],[-47.0728679629779,-23.0243476018897],[-47.0723727882818,-23.0247383125304],[-47.0724270141569,-23.0257005028224],[-47.0725534813291,-23.0261583584318],[-47.0725556711122,-23.026616669006],
          [-47.072532236817,-23.0269145310121],[-47.0721349469747,-23.02698428561],[-47.0718599989786,-23.0266642427694],[-47.0714855984527,-23.0263214882202],[-47.0708883395489,-23.0261396369251],[-47.0691265217122,-23.0267168220222],
          [-47.0680094576351,-23.0269945027857],[-47.0668655517241,-23.026836936342],[-47.065698336422,-23.0270231731251],[-47.0648534907599,-23.0270481091474],[-47.0640083488284,-23.0270272736311],[-47.0635866273937,-23.0271886871222],
          [-47.0629917728116,-23.0275338168623],[-47.0627446913114,-23.0278323390977],[-47.0628199067513,-23.0279695735286],[-47.0629958711045,-23.028404494164],[-47.0632227094599,-23.0290684177972],[-47.0632252180589,-23.0296182678811],
          [-47.0630787470531,-23.0301685270017],[-47.0630560752661,-23.0306497332591],[-47.063256873971,-23.0310616694482],[-47.0634089307898,-23.031679894395],[-47.0631095657393,-23.031451515685],[-47.0626620022716,-23.0314067990816],
          [-47.0621163033724,-23.0316372643194],[-47.0620178447798,-23.0318437501017],[-47.0620943554916,-23.0322559544349],[-47.062197126037,-23.0329660041855],[-47.0623743891479,-23.0336758043088],[-47.0619032539952,-23.0339061091905],
          [-47.0614588043778,-23.0345257946896],[-47.0611383443484,-23.0350993557278],[-47.0608149507507,-23.035031439325],[-47.0606640836445,-23.034665252215],[-47.060214682396,-23.0342310037004],[-47.0594688968321,-23.0341869142523],
          [-47.0584752868578,-23.034303944326],[-47.0581531805113,-23.0345109022366],[-47.0579324585668,-23.0351529441323],[-47.0576847371193,-23.0353369051276],[-47.0575125238333,-23.0357038698577],[-47.0569419398166,-23.0359343716634],
          [-47.0568449670065,-23.0364615935427],[-47.0567484209676,-23.0370804420952],[-47.0561800733054,-23.0377920947995],[-47.055587075187,-23.038549656745],[-47.0550429341508,-23.0391237684106],[-47.0550702455365,-23.0396506377124],
          [-47.0554444348771,-23.0399476627181],[-47.0560678806651,-23.0404043968221],[-47.0564664777378,-23.040586719329],[-47.0564924327082,-23.0408387088764],[-47.0562704920818,-23.041205777911],[-47.0563459255202,-23.0413889638751],
          [-47.0565462138933,-23.0417091925084],[-47.0563729497022,-23.0418700652485],[-47.0556042924296,-23.0422613979553],[-47.0552592260801,-23.0428808595614],[-47.0549873739965,-23.0432251940709],[-47.0543169967963,-23.0433872007552],
          [-47.054270261628,-23.0440287829015],[-47.0537254565951,-23.0444654966018],[-47.0533292721177,-23.0447871593255],[-47.0529566698172,-23.0448338886468],[-47.0527337828504,-23.0450177010902],[-47.0525860066474,-23.0453159133175],
          [-47.0520882533639,-23.0451796470661],[-47.0516412824145,-23.0452723877765],[-47.0509962544682,-23.0455259553327],[-47.0509976327649,-23.0458237653589],[-47.0511228070957,-23.0460296905461],[-47.0516201384273,-23.0460743327975],
          [-47.0519195203433,-23.0463027319498],[-47.0520476726111,-23.0471502246921],[-47.0519253910125,-23.0475858699266],[-47.0517036409198,-23.0479987924926],[-47.0516806918628,-23.048411210356],[-47.0514341066483,-23.0488472051627],
          [-47.0514860569144,-23.0493281648934],[-47.0513900142087,-23.0500616580267],[-47.0507957709723,-23.0505670748477],[-47.049804254914,-23.0511652134614],[-47.0482143463103,-23.0513751433601],[-47.0559903600759,-23.0504630113003],
          [-47.0644876519066,-23.049663316557],[-47.0722897865461,-23.0490710780985],[-47.0722922009857,-23.0495751552165],[-47.0726436791914,-23.0503074795457],[-47.0736447558615,-23.0517255117966],[-47.0743179259089,-23.0521591249746],
          [-47.0754137350234,-23.0525916981136],[-47.076186248015,-23.0530021506968],[-47.0773310162027,-23.0532741855933],[-47.0787971261671,-23.0531787997994],[-47.0800387073099,-23.0529235869864],[-47.0808594798929,-23.0530131679394],
          [-47.081432899629,-23.0533782784882],[-47.0821803171836,-23.05371996906],[-47.0839022190726,-23.0551131700848],[-47.0845736137257,-23.0551572153275],[-47.0851206230342,-23.0552016354385],[-47.0856438614549,-23.055452379011],
          [-47.0862181683569,-23.0559777904427],[-47.0870905121803,-23.0564566519215],[-47.0877130907799,-23.0566841384691],[-47.0883345457893,-23.0566825151544],[-47.0892496360587,-23.0557407477643],[-47.0896954798781,-23.0554188832179],
          [-47.0902915028188,-23.0553027571076],[-47.0910855409278,-23.0550256630634],[-47.0915810985601,-23.0547035869715],[-47.0917030290719,-23.0542221530046],[-47.091775350347,-23.0537637643381],[-47.0920239583418,-23.0537630908258],
          [-47.0922234432483,-23.0539000168911],[-47.0924236884782,-23.0541744237299],[-47.0928474886273,-23.0544252861332],[-47.0932199829954,-23.0543556233484],[-47.093489143653,-23.0534842294747],[-47.0936854547272,-23.0529796911213],
          [-47.0942059728567,-23.0526804778334],[-47.0959448340737,-23.0524467163602],[-47.0965420896266,-23.05258260294],[-47.0967380454322,-23.0520092756323],[-47.0968356647349,-23.0516424512669],[-47.0972085691004,-23.0516413842022],
          [-47.0973842220578,-23.0519846305399],[-47.0975127432288,-23.0528319733139],[-47.0982604560068,-23.0532424623141],[-47.0991599658439,-23.0541794079063],[-47.1001032554281,-23.053924842024],[-47.100924529775,-23.0541287808734],
          [-47.101844792362,-23.0542409417914],[-47.1033582602558,-23.0536639779774],[-47.1038029095208,-23.0531129711708],[-47.1041021916709,-23.053318336105],[-47.1042034762527,-23.0536845913024],[-47.1042818962333,-23.0544634415322],
          [-47.1046827005124,-23.055080917043],[-47.1052318683495,-23.0555377092027],[-47.1054330641164,-23.0559953452759],[-47.1059372881973,-23.0574145333172],[-47.1064373238112,-23.0579859034776],[-47.1070106765644,-23.0583051464038],
          [-47.1076090082332,-23.0586471644318],[-47.1095783566828,-23.0597644010945],[-47.1095565161691,-23.06036015166],[-47.1095096986049,-23.0609331251642],[-47.1100571608922,-23.0610461506067],[-47.1104046821792,-23.0609535794388],
          [-47.1109514460881,-23.060929121177],[-47.1114736980974,-23.0609735079191],[-47.1118942872292,-23.0605828596339],[-47.1120915485889,-23.0602615491596],[-47.1122882257951,-23.059825686497],[-47.1124092670951,-23.0591838330251],
          [-47.1131547184558,-23.0591359471661],[-47.1135748285531,-23.0586535813498],[-47.1141469121149,-23.0587207646574],[-47.1144448972674,-23.0586511460922],[-47.1150873865287,-23.0579162783341],[-47.1160797625609,-23.0575240120498],
          [-47.1167486224033,-23.0570867844919],[-47.1175422156927,-23.0567179362719],[-47.1184608532214,-23.0565091811754],[-47.1187566323634,-23.0560272063265],[-47.119774823224,-23.0558410318013],[-47.1203724648656,-23.056045610349],
          [-47.1220405002907,-23.0565449152737],[-47.1229123654834,-23.0569090177747],[-47.124056677363,-23.057089082452],[-47.1244604258256,-23.058256418313],[-47.1246890444578,-23.0591950940737],[-47.1249662407165,-23.0599274689919],
          [-47.126182307545,-23.0595574078375],[-47.1269746950414,-23.0589595013257],[-47.1277435638014,-23.0586365246489],[-47.128137762833,-23.0579480132821],[-47.1281351390706,-23.057444043159],[-47.1280573346648,-23.0568256239634],
          [-47.1281537964758,-23.0562526127563],[-47.1286461564778,-23.0553347434775],[-47.1290668746316,-23.0549668910696],[-47.1295384275016,-23.0548281023565],[-47.1299362336463,-23.0548498223984],[-47.1301606150545,-23.0549866332075],
          [-47.1300877085988,-23.0553076409485],[-47.1302635277549,-23.0556508429186],[-47.1305868740294,-23.055695682506],[-47.1307351999748,-23.0555348885166],[-47.131054675102,-23.0548237268126],[-47.1311011623571,-23.0542049872788],
          [-47.1309739869721,-23.053655483796],[-47.1310946953765,-23.0529677661031],[-47.1313403021918,-23.0523942766601],[-47.1317365438776,-23.0521181966874],[-47.132134463484,-23.0521629302297],[-47.1323339422799,-23.0522768735087],
          [-47.132485540326,-23.0527575274518],[-47.1325870212661,-23.0531467772302],[-47.1328363826333,-23.0533064477423],[-47.1330596436983,-23.0532141519353],[-47.133331943927,-23.0530071765601],[-47.1337042433911,-23.0528914723668],
          [-47.1338318301756,-23.0535326867334],[-47.1340559316039,-23.0536007062767],[-47.1340329953754,-23.0539673513051],[-47.1337365955914,-23.0543348009409],[-47.1339129028086,-23.054769620738],[-47.1342124706819,-23.0550207812153],
          [-47.1346598775993,-23.0550194310704],[-47.1351536337105,-23.0543765024226],[-47.1366931632831,-23.0540742128941],[-47.1371396008674,-23.0538896113863],[-47.1375376460122,-23.0539571686499],[-47.1376855979762,-23.0537275844734],
          [-47.1379818654418,-23.0533372904302],[-47.1383050860486,-23.0533591863217],[-47.1387533356267,-23.0535183217947],[-47.138977197604,-23.0535405682004],[-47.1397228391799,-23.053538325813],[-47.1403448677578,-23.0536510490775],
          [-47.1407195098528,-23.0539936207397],[-47.1426200022257,-23.0561416679734],[-47.144191140762,-23.0571222169706],[-47.1448136764228,-23.0573265428936],[-47.1453375038391,-23.0576686112402],[-47.1457094803227,-23.0575072041869],
          [-47.1460551251144,-23.057070817414],[-47.146275566463,-23.0564515200941],[-47.1466213310434,-23.0560381506235],[-47.1468701808451,-23.0560832464409],[-47.1471923056724,-23.0558989520928],[-47.1474885469166,-23.055508551758],
          [-47.1481789143815,-23.0544526170341]]]
        }
      },
      {
        "type": "Feature",
        "properties": {
          "region": "Sudoeste",
          "fillColor": "rgba(44, 195, 241, 0.6)"
        },
        "geometry": {
          "type": "Polygon",
          "coordinates": [[[-47.207470255704,-22.9695867782694],[-47.2059014906174,-22.9689046814194],[-47.2051553460161,-22.9687467995231],[-47.2044367424436,-22.9690470259877],[-47.2037194912149,-22.9695991818137],
          [-47.2025794474121,-22.9700611627223],[-47.2014860369073,-22.9699731776927],[-47.2000923374321,-22.9695195070941],[-47.199170808683,-22.9690872551817],[-47.1978263726542,-22.9685417039791],[-47.1972047935098,-22.9684291784334],
          [-47.196834211725,-22.9687970340756],[-47.1961678602624,-22.9695551771199],[-47.195672535273,-22.9698317781594],[-47.1944820739965,-22.970156373614],[-47.1930409740042,-22.9700922832238],[-47.1921203614951,-22.9698203919235],
          [-47.1911755494625,-22.9696630253925],[-47.1905067685374,-22.9700088119422],[-47.189587443239,-22.9699660014818],[-47.1888161555454,-22.9697393299925],[-47.1881425022927,-22.9692145775224],[-47.1871458631504,-22.968589743935],
          [-47.1867695511164,-22.9680046397544],[-47.1866672376712,-22.9674780421372],[-47.1858684455097,-22.9667703961141],[-47.183054739679,-22.9655421048562],[-47.1811604985692,-22.9643796454733],[-47.1802889952003,-22.9639928991429],
          [-47.1795442423045,-22.9640639885168],[-47.1790496088579,-22.9644549962419],[-47.1785040237589,-22.9646171366211],[-47.1778565375773,-22.9643212718708],[-47.1773337760998,-22.9641167630591],[-47.176987438941,-22.9643698648377],
          [-47.1765414742923,-22.9645773918928],[-47.1757704059487,-22.9643965094899],[-47.175324314404,-22.9645811956562],[-47.1750004265355,-22.964398954765],[-47.1749726903695,-22.9638720449297],[-47.1744437315881,-22.9625219433053],
          [-47.1719249812156,-22.9606969248541],[-47.1716253227074,-22.9603999666652],[-47.1714485476013,-22.9598735624632],[-47.1709999634294,-22.9596000381542],[-47.1705033191943,-22.9596244437055],[-47.1699068871812,-22.9595575925083],
          [-47.1690629477187,-22.9596747653303],[-47.1678480218014,-22.9600679217924],[-47.167476006323,-22.9601836861358],[-47.1671030748824,-22.9601161148977],[-47.1668039243582,-22.9599107683793],[-47.1668267780565,-22.9595441224319],
          [-47.1669980654063,-22.9590625138646],[-47.1670708513146,-22.9587414959777],[-47.1667951003031,-22.95828414423],[-47.1658196662071,-22.9570269531173],[-47.165148143981,-22.9568686680042],[-47.1649204320198,-22.9560903620999],
          [-47.164299218235,-22.956046485951],[-47.1634547533908,-22.956048986293],[-47.1627575305549,-22.955730352506],[-47.1621590179419,-22.9552739640917],[-47.1612633140921,-22.9550017232851],[-47.160195113825,-22.9549591396533],
          [-47.1593015057426,-22.955076394379],[-47.1590052050654,-22.9553980168449],[-47.1579856232937,-22.955172040042],[-47.1556984947656,-22.954789338961],[-47.1543586233255,-22.9550454284472],[-47.1533168892605,-22.9553234564841],
          [-47.1512320687433,-22.9556274630647],[-47.1502910270711,-22.956157236739],[-47.1490739237725,-22.9561608330368],[-47.1482296934762,-22.9562091087864],[-47.1476353772276,-22.9565545205305],[-47.1472412476981,-22.9571742732525],
          [-47.1466987862016,-22.9579319886811],[-47.146382358246,-22.9591700658298],[-47.1451627720484,-22.958692499965],[-47.1439414278668,-22.9578941995476],[-47.1427068893824,-22.95785898468],[-47.1392468851301,-22.9550933647826],
          [-47.1383950647502,-22.9552366602395],[-47.1355279437135,-22.9539570142375],[-47.1340474393994,-22.9503297174073],[-47.1328661948165,-22.9476210856176],[-47.1319678408539,-22.9455695487205],[-47.130800396442,-22.9443252577863],
          [-47.1298332282762,-22.9422906984658],[-47.1291654036493,-22.9403702841736],[-47.1290601032431,-22.9390722627414],[-47.1285161611543,-22.9369139276752],[-47.1279869442907,-22.9357004033799],[-47.1277954623803,-22.9336198473146],
          [-47.1248852165561,-22.9319263613537],[-47.1231602458187,-22.9312636255644],[-47.1217915674541,-22.9309571212393],[-47.1218230957001,-22.932977991123],[-47.1214113736385,-22.9340663643886],[-47.1205699821672,-22.9350882600585],
          [-47.1194987155837,-22.9363659077818],[-47.1195506343115,-22.9371953974423],[-47.1197730261883,-22.9389611238217],[-47.1193636036156,-22.9401938146444],[-47.1177720783084,-22.940934939507],[-47.1147681315067,-22.9403995086825],
          [-47.1138580588627,-22.9402207054496],[-47.1115897459298,-22.9399358550464],[-47.1105142182961,-22.9398025677479],[-47.1074045039798,-22.9394008376082],[-47.1047522679819,-22.9399001702724],[-47.1026975726142,-22.9389606446497],
          [-47.0981308126295,-22.9351101209867],[-47.0969402611877,-22.9348182878105],[-47.0965431650462,-22.9359354847367],[-47.0949549241314,-22.9352887752259],[-47.0946549141852,-22.9360507077434],[-47.0934080071376,-22.9373305134607],
          [-47.0929455012642,-22.937981831126],[-47.0916857474725,-22.9393745514042],[-47.0914213625278,-22.9399194331151],[-47.0912387706959,-22.9410363187827],[-47.091149545441,-22.9453690176305],[-47.0915920871763,-22.9462655060561],
          [-47.0908556032678,-22.9465279058166],[-47.0902415156443,-22.9468293138999],[-47.089951475804,-22.9469774909119],[-47.0904553727797,-22.9481310067688],[-47.0918262621162,-22.9508813794187],[-47.092854317731,-22.9529330908323],
          [-47.0997087923124,-22.9641345047408],[-47.1008116347567,-22.9661249423629],[-47.1018921954963,-22.9686423413654],[-47.1024505574257,-22.971046682162],[-47.104088324863,-22.9756934272283],[-47.1056773555086,-22.9805235141087],
          [-47.1059850504303,-22.9824472817914],[-47.1071184231783,-22.9855373614441],[-47.1091943704564,-22.9932758498919],[-47.1129453597174,-23.0030031110014],[-47.116334969531,-23.009958907525],[-47.1215015473016,-23.0192923882895],
          [-47.1243109779301,-23.0243937991261],[-47.1279746405346,-23.0312567478866],[-47.1297811288943,-23.0345508516309],[-47.1323081726328,-23.0377970240626],[-47.135906955958,-23.0415898173207],[-47.1377294718916,-23.0431424599031],
          [-47.1389352437926,-23.0455675361624],[-47.1415849543601,-23.0484236888495],[-47.1454073353133,-23.0521010759414],[-47.1481789143815,-23.0544526170341],[-47.1488689450307,-23.053350825109],[-47.1494634140478,-23.052959524885],
          [-47.149958071793,-23.0524997988533],[-47.1503773672844,-23.0518799577286],[-47.1497277789174,-23.0512632870375],[-47.1496768311682,-23.051034322598],[-47.1500228976738,-23.05066671183],[-47.1505681260067,-23.050367255168],
          [-47.1510408661577,-23.0504575040781],[-47.1513153463672,-23.0506628422428],[-47.1518113449912,-23.0504551382953],[-47.1520579663145,-23.0500877943893],[-47.1518311533959,-23.0495157467807],[-47.1513548468001,-23.048761130816],
          [-47.1510776632857,-23.0480517382378],[-47.1510473902564,-23.0470436973912],[-47.1513572643387,-23.04456840382],[-47.1516507629706,-23.0436739436777],[-47.1520221999878,-23.0434208131004],[-47.1518447039923,-23.0427569159524],
          [-47.1519164463449,-23.0422297308799],[-47.1524082271103,-23.0412431082925],[-47.1529479901203,-23.0399355381818],[-47.1536645805127,-23.0391543836831],[-47.1537112119567,-23.0385815004362],[-47.1541804553643,-23.0380302117517],
          [-47.1545532309099,-23.0380291034585],[-47.1548508977883,-23.0379136478188],[-47.1552000514451,-23.0381417048805],[-47.1554516317325,-23.0387136817622],[-47.1558283240816,-23.0394227933282],[-47.1564549198954,-23.0404060872035],
          [-47.1569765970118,-23.04035861674],[-47.1575999368885,-23.0407233020332],[-47.1580008033625,-23.0413177903863],[-47.1589211190554,-23.0414524594241],[-47.1594666621105,-23.041221669358],[-47.1598133436231,-23.0409915186457],
          [-47.1600083457012,-23.0402806553449],[-47.1599545259412,-23.0395248053013],[-47.1601487790281,-23.0386764649811],[-47.1600206366447,-23.037966586846],[-47.1596709792991,-23.0376469197724],[-47.1601651755584,-23.037118474435],
          [-47.1607110721815,-23.0369563747732],[-47.161580898726,-23.0369537816734],[-47.1621015621753,-23.0367230531598],[-47.1620996914646,-23.0363794062492],[-47.162044570697,-23.0353714401577],[-47.1626916766717,-23.0355527960466],
          [-47.1635879721205,-23.0358478241045],[-47.1650263579282,-23.0352706014983],[-47.1653763968521,-23.0356590397198],[-47.1658000041995,-23.0358639357575],[-47.1661466607982,-23.0356337728578],[-47.1663713710943,-23.0358162963869],
          [-47.1667185281269,-23.0356777531985],[-47.1669146187082,-23.0351731440573],[-47.1669611938743,-23.0346002609895],[-47.1671585361937,-23.0343246587313],[-47.1672061140427,-23.033935017388],[-47.166881855532,-23.0337298465048],
          [-47.1668797218901,-23.0333403448719],[-47.1673997350815,-23.0329951421337],[-47.1678445025734,-23.0325125800859],[-47.1683891139203,-23.0321214489603],[-47.1687859695962,-23.0319826716564],[-47.1688835061758,-23.031638745401],
          [-47.1694538468613,-23.0314078547345],[-47.1699258974825,-23.0313835028786],[-47.1701726091149,-23.0310619928299],[-47.1702446546197,-23.0306034975911],[-47.1703908887559,-23.0300760982949],[-47.1705653809093,-23.0301672264667],
          [-47.1709142840129,-23.030349393026],[-47.1712882964696,-23.0305773437129],[-47.1712398470327,-23.0308065815599],[-47.1709186979419,-23.0311512321634],[-47.1707219981989,-23.0315413867382],[-47.1710214465329,-23.031769549065],
          [-47.1711725987806,-23.0321356088651],[-47.1712980134644,-23.0323414253674],[-47.171796231388,-23.032569022735],[-47.1723423459857,-23.0324527406781],[-47.1727413030011,-23.0326806154386],[-47.173088064122,-23.032473276192],
          [-47.173708365101,-23.0322880842413],[-47.1741327310063,-23.0326303434995],[-47.1745790414544,-23.0324457351639],[-47.1751976897262,-23.0319626582189],[-47.1757654785889,-23.031273462809],[-47.176188322479,-23.0313408551965],
          [-47.1769085906055,-23.0312699153665],[-47.1777049036098,-23.0314506900055],[-47.1778519184305,-23.0310836001187],[-47.1781481457969,-23.0307160796137],[-47.1785708608382,-23.0307605380353],[-47.17911734373,-23.0307130164194],
          [-47.1797899355928,-23.0310086881658],[-47.180088200137,-23.0310077355048],[-47.180460822659,-23.0309836399509],[-47.1810076880755,-23.03100480433],[-47.1814032474155,-23.0306369913443],[-47.1819980306435,-23.0303372927106],
          [-47.182492492987,-23.0298774782517],[-47.1824157499745,-23.0294881968049],[-47.1829118743022,-23.0293262593695],[-47.1831332630188,-23.028913182786],[-47.1836790928483,-23.028751008221],[-47.1842026342177,-23.0290471848724],
          [-47.1845243844802,-23.02881705769],[-47.1850229438741,-23.0290903764679],[-47.1856716639775,-23.0295464969263],[-47.1861939255536,-23.0296135715529],[-47.186990027272,-23.0297713728094],[-47.1875891754608,-23.030250558033],
          [-47.1882380873963,-23.030752522916],[-47.1887862420133,-23.0310027547836],[-47.1895824834457,-23.0311834695722],[-47.1903551160661,-23.0315704193074],[-47.1905312234487,-23.031959311662],[-47.1907579007713,-23.0324855299631],
          [-47.1911067048728,-23.0326448121287],[-47.1917535162503,-23.0327572635786],[-47.1925979238396,-23.0326628657867],[-47.1937389045672,-23.032269608909],[-47.1943826417099,-23.0318550811875],[-47.1947035493304,-23.0314646216846],
          [-47.1950756453936,-23.0313487821402],[-47.1952722735016,-23.0309586928943],[-47.1957201072604,-23.0310488854493],[-47.1960935063175,-23.0311622273278],[-47.1968150080251,-23.0312972721749],[-47.1973602240729,-23.0310434327782],
          [-47.1980036322526,-23.0305601985788],[-47.1987993054225,-23.0306263185263],[-47.1993476577012,-23.0309223680982],[-47.1997961479977,-23.0311270953501],[-47.2004678112445,-23.031239436145],[-47.2009907368788,-23.0314209168851],
          [-47.2019605835199,-23.0315322594923],[-47.2024069757283,-23.0313704127611],[-47.2028532349614,-23.0311856375506],[-47.2033248741245,-23.0310924045395],[-47.2037218165916,-23.0309765599775],[-47.2043183886004,-23.0309974921582],
          [-47.2048648553479,-23.0309498820977],[-47.2053113722347,-23.0308108645787],[-47.2058317946829,-23.0305571622926],[-47.206302107968,-23.0302348286961],[-47.2065492024929,-23.0299819589818],[-47.2069699347812,-23.0296827029671],
          [-47.2072937597606,-23.0298190973886],[-47.2077166875126,-23.0298864034154],[-47.2079886856849,-23.0296563838274],[-47.208258910039,-23.0291056522842],[-47.2082799241098,-23.0284411376193],[-47.208302396272,-23.0280287322006],
          [-47.2085241515497,-23.0277072459044],[-47.208869727212,-23.0272936675622],[-47.2084718748803,-23.027249213825],[-47.2083723246425,-23.0272265917702],[-47.2083215574494,-23.0270435069777],[-47.2083698096708,-23.0267913353658],
          [-47.2087909249719,-23.0265607669026],[-47.2089872407983,-23.0261248095114],[-47.2090586240932,-23.0255747782329],[-47.2091814352489,-23.0253222871071],[-47.2096776380278,-23.0251831964139],[-47.2101497804344,-23.025181563548],
          [-47.2106194011378,-23.0247446733569],[-47.2109663451719,-23.0245832014766],[-47.2109638212136,-23.0241478553701],[-47.2112853243763,-23.0238718224489],[-47.211608474079,-23.0238936631352],[-47.2118809853157,-23.0237552566504],
          [-47.2119531542232,-23.0233426978241],[-47.2122743868802,-23.0230208087919],[-47.2127955642664,-23.022904559514],[-47.2133657803464,-23.0226735187062],[-47.2139355937005,-23.0223736944847],[-47.2149023105073,-23.0219580886661],
          [-47.2157936582104,-23.0214051466476],[-47.2162639152964,-23.0210827873635],[-47.2170084891976,-23.0209198834056],[-47.217653568348,-23.0207572878476],[-47.2184452989995,-23.0201589679878],[-47.2191134288283,-23.0196755793008],
          [-47.2192350096448,-23.0192169186516],[-47.2194805053344,-23.0187121056179],[-47.2197036414194,-23.018619695873],[-47.2201764293162,-23.0187325800384],[-47.2204744446317,-23.0187086272987],[-47.2208200152026,-23.018317955223],
          [-47.2209921022617,-23.0179966999506],[-47.2208899510648,-23.0175159036207],[-47.2206895209068,-23.0172416741401],[-47.2204883661133,-23.0168299709133],[-47.220411526406,-23.0164407152107],[-47.2209297137952,-23.0158204066274],
          [-47.2212985152832,-23.0151547114542],[-47.2217978926118,-23.0155653849977],[-47.2221955782556,-23.0155869707589],[-47.2228158528535,-23.015424433655],[-47.2234112737911,-23.0152619727117],[-47.2239083662841,-23.0152832402619],
          [-47.2241330303038,-23.0154656798045],[-47.2244820369321,-23.0156478148772],[-47.2248531149762,-23.0153716016229],[-47.2251996087434,-23.0151412301744],[-47.2254459664783,-23.0147738807255],[-47.2252221659902,-23.0147517529217],
          [-47.2249729191808,-23.0146151574678],[-47.2248972830438,-23.0144320675702],[-47.225070164719,-23.0142481905519],[-47.2254173321161,-23.0141324539945],[-47.2258639056728,-23.0140164013609],[-47.2261861649171,-23.0138778139049],
          [-47.2262345700002,-23.0136714043247],[-47.2266043670731,-23.0131660968223],[-47.2268756228424,-23.0128215045838],[-47.2273463652266,-23.0125908244115],[-47.2277938234636,-23.0126121471977],[-47.2289367410262,-23.012608145455],
          [-47.2292594012524,-23.0125383331563],[-47.2295310552983,-23.0122624276408],[-47.2297029784265,-23.0119182378994],[-47.2299249279601,-23.0116424906808],[-47.230346717712,-23.0115265046084],[-47.2308928710672,-23.0114557951969],
          [-47.2310393951645,-23.011020066334],[-47.2310617982213,-23.0106075722196],[-47.2313337977879,-23.0103775169125],[-47.2318300530324,-23.010261199175],[-47.23220014877,-23.0098246627145],[-47.2322958757847,-23.009205767308],
          [-47.2323419009582,-23.0085870314501],[-47.2326869462986,-23.0081046287615],[-47.2331296764946,-23.0073470545541],[-47.2333503311336,-23.0068423037626],[-47.2337221850244,-23.0067035440549],[-47.2338183125295,-23.006153338765],
          [-47.2333440627239,-23.0057884768546],[-47.2326953210043,-23.0053325544344],[-47.2321469346538,-23.0050366184152],[-47.2314498039066,-23.0047870107227],[-47.2305536071837,-23.004492361994],[-47.2300300782266,-23.0041963385238],
          [-47.2294561740342,-23.0037859269215],[-47.2289314310721,-23.0032837368123],[-47.2278092479963,-23.0025774570588],[-47.2273343486896,-23.0020979395453],[-47.2270329939029,-23.0015491775666],[-47.226509212855,-23.0012072867446],
          [-47.2258613245912,-23.0008888046168],[-47.2250653680935,-23.0007311889433],[-47.2243942508183,-23.0006876330775],[-47.2238989639762,-23.0009643247158],[-47.2233770763017,-23.0009432215133],[-47.2229044832063,-23.0008531788918],
          [-47.2225298098321,-23.0005108046319],[-47.2220298188179,-22.9999855831831],[-47.2215050630164,-22.9994604366452],[-47.22088231106,-22.9991877087944],[-47.2191437931791,-22.9993081422908],[-47.2178029892835,-22.9994501563911],
          [-47.2165341965231,-22.9991566721407],[-47.2150454930733,-22.9995053805901],[-47.2136791663564,-22.9995328912356],[-47.2093822283565,-22.999776453314],[-47.2077923308604,-22.999804686857],[-47.2070968957425,-22.9998528418864],
          [-47.2061512060038,-22.999581126716],[-47.2055054680599,-22.9996290333561],[-47.2049092980202,-22.9996539495982],[-47.2041637184661,-22.9996106221077],[-47.203964137364,-22.9994738401204],[-47.2039626429064,-22.9991988910578],
          [-47.204109688781,-22.9988547109048],[-47.2042798266778,-22.9981897418982],[-47.2045241170124,-22.9974558551757],[-47.2050457307075,-22.9974311671593],[-47.2055424965608,-22.997406643108],[-47.206187878448,-22.9973127933057],
          [-47.2071553725763,-22.9970575565138],[-47.2077991187495,-22.9966659147633],[-47.2081930065922,-22.9960231883942],[-47.2082628040553,-22.9951981188958],[-47.2077845721897,-22.9941229657659],[-47.207006277253,-22.9927050772117],
          [-47.2064787636597,-22.991698761299],[-47.2066007669597,-22.9913088895484],[-47.2065235936997,-22.9908509298727],[-47.2061472802255,-22.9902107260374],[-47.2054454074533,-22.9891133124264],[-47.2050438625837,-22.9884043981816],
          [-47.2042708766331,-22.987902954622],[-47.2040456801091,-22.9876287721408],[-47.2038204336481,-22.9873316607347],[-47.203422096488,-22.9871955665746],[-47.2029720020872,-22.986670123484],[-47.202744586584,-22.9860064432993],
          [-47.2027138556788,-22.9849755961939],[-47.202956174303,-22.9838979810355],[-47.2029785350251,-22.9834625558435],[-47.203324029624,-22.9830490851576],[-47.2045127386142,-22.9824036133264],[-47.2053541469099,-22.9818280562961],
          [-47.205522690312,-22.9808881384573],[-47.205912007942,-22.9794664304031],[-47.2061575754777,-22.9789615460583],[-47.2065279447697,-22.978570832814],[-47.2065999869711,-22.9781353474451],[-47.2068195229955,-22.977424371661],
          [-47.2069384947871,-22.9765075310656],[-47.2065839192015,-22.9753173523328],[-47.2063314042514,-22.9746079870048],[-47.2058304765239,-22.9738765330807],[-47.2054551366876,-22.9733966338534],[-47.2054780159237,-22.9730529182173],
          [-47.2057237579972,-22.9725938909012],[-47.2065652350423,-22.9720412593048],[-47.2068360775575,-22.9716279199867],[-47.2069563614875,-22.9709402629845],[-47.207470255704,-22.9695867782694]]]
        }
      }
    ]
  }
  